Larvae #,Family,Genus,Species,descriptor,Speed last interval,Time last interval,rate of increase,time increment,Date,time of trial,source,Date caught,time caught,NOTES,u-crit,TL(mm)
05LARV0265,Acanthuridae,Acanthurus,bahianus,,52.5,13,10.5,2,13-Jul-05,,cn1,13-Jul-05,600,,42.01031746,36.00997506
05LARV0026,Acanthuridae,Acanthurus,bahianus,,42,77,10.5,2,26-Jun-05,1810,cn2,26-Jun-05,9,,31.56111111,31.48984199
05LARV0027,Acanthuridae,Acanthurus,bahianus,,52.5,0,10.5,2,26-Jun-05,1810,cn2,26-Jun-05,9,,42,34.13065201
05LARV0028,Acanthuridae,Acanthurus,bahianus,,52.5,17,10.5,2,26-Jun-05,1810,cn2,26-Jun-05,9,,42.01349206,34.03963605
05LARV0144,Acanthuridae,Acanthurus,bahianus,,37.5,87,7.5,2,7-Jul-05,1000,cn2,7-Jul-05,700,,30.09666667,34.84289455
05LARV0323,Acanthuridae,Acanthurus,bahianus,,52.5,0,10.5,2,29-Jul-05,,cn2,,,,42,32.67303399
05LARV0240,Acanthuridae,Acanthurus,bahianus,,42,84,10.5,2,12-Jul-05,,cn3,12-Jul-05,600,,31.56666667,35.96099939
05LARV0280,Acanthuridae,Acanthurus,bahianus,,42,27,10.5,2,14-Jul-05,,cn3,14-Jul-05,630,,31.52142857,35
05LARV0003,Acanthuridae,Acanthurus,bahianus,,53,18.67,9.6,2,9-Jun-05,,lt,9-Jun-05,6,ectoparasite,43.4162066,3.2
05LARV0044,Acanthuridae,Acanthurus,bahianus,,42,31,10.5,2,2-Jul-05,1135,,2-Jul-05,7,,31.52460317,32.38014281
05LARV0045,Acanthuridae,Acanthurus,bahianus,,42,50,10.5,2,2-Jul-05,1135,,2-Jul-05,7,,31.53968254,34.20371757
05LARV0057,Acanthuridae,Acanthurus,chirurgus,,52.5,9.5,10.5,2,3-Jul-05,1030,,3-Jul-05,7,,42.00753968,33.97689658
05LARV0145,Acanthuridae,Acanthurus,coeruleus,,60,24,7.5,2,7-Jul-05,1000,cn2,7-Jul-05,700,,52.52666667,35.34277824
05LARV0077,Acanthuridae,Acanthurus,coeruleus,,52.5,74,10.5,2,5-Jul-05,830,cn3,5-Jul-05,630,,42.05873016,36.57473529
05LARV0078,Acanthuridae,Acanthurus,coeruleus,,52.5,20,10.5,2,5-Jul-05,830,cn3,5-Jul-05,630,,42.01587302,35.61204097
05LARV0218,Acanthuridae,Acanthurus,coeruleus,,42,42,10.5,2,11-Jul-05,,lt,11-Jul-05,800,,31.53333333,35.56985754
05LARV0093,Antennariidae,,Sp1,,3.4,0,1.5,2,5-Jul-05,1030,cn3,5-Jul-05,630,,1.9,7.200598802
05LARV0285,Antennariidae,,Sp2,frogfish,15,7,1.5,2,14-Jul-05,,cn1,14-Jul-05,630,,13.53888889,11.00780501
05LARV0291,Antennariidae,,Sp2,,4.5,43,1.5,2,24-Jul-05,,cn2,,,,3.238888889,13.00364816
05LARV0189,Apogonidae,Apogon,maculatus,,30,57,7.5,2,9-Jul-05,820,cn1,9-Jul-05,700,,22.56333333,19.54284287
05LARV0190,Apogonidae,Apogon,maculatus,,30,57,7.5,2,9-Jul-05,820,cn1,9-Jul-05,700,,22.56333333,17.11262467
05LARV0228,Apogonidae,Apogon,maculatus,,30,19,7.5,2,11-Jul-05,,cn1,11-Jul-05,800,,22.52111111,19.91204819
05LARV0229,Apogonidae,Apogon,maculatus,,30,59,7.5,2,11-Jul-05,,cn1,11-Jul-05,800,,22.56555556,19.98795906
05LARV0005,Apogonidae,Apogon,maculatus,,22.5,11.85,7.5,2,22-Jun-05,,cn2,22-Jun-05,6,,15.01316667,19.97069011
05LARV0029,Apogonidae,Apogon,maculatus,,27,8.9,4.5,2,26-Jun-05,1825,cn2,26-Jun-05,9,,22.51648148,13.23099065
05LARV0031,Apogonidae,Apogon,maculatus,,22.5,112,4.5,2,26-Jun-05,1825,cn2,26-Jun-05,9,,18.20740741,11.31354901
05LARV0082,Apogonidae,Apogon,maculatus,,30,85,7.5,2,5-Jul-05,905,cn3,5-Jul-05,630,,22.59444444,19.80934809
05LARV0038,Apogonidae,Apogon,maculatus,,18,79,4.5,2,2-Jul-05,1048,,2-Jul-05,7,,13.6462963,13.71690978
05LARV0066,Apogonidae,Apogon,maculatus,,30,60,7.5,2,3-Jul-05,1150,,3-Jul-05,7,,22.56666667,19.476969
05LARV0072,Apogonidae,Apogon,maculatus,,18,59,4.5,2,4-Jul-05,800,,4-Jul-05,630,,13.60925926,19.36537564
05LARV0140,Apogonidae,Apogon,planifrons,,30,57,7.5,2,7-Jul-05,,cn1,7-Jul-05,700,,22.56333333,23.13529765
05LARV0230,Apogonidae,Apogon,planifrons,robinsi?,30,6,7.5,2,11-Jul-05,,cn1,11-Jul-05,800,,22.50666667,18.67691199
05LARV0030,Apogonidae,Apogon,planifrons,,18,87,4.5,2,26-Jun-05,1825,cn2,26-Jun-05,9,,13.66111111,13.83472057
05LARV0087,Apogonidae,Apogon,planifrons,,27,63,4.5,2,5-Jul-05,953,cn3,5-Jul-05,630,,22.61666667,20.9886972
05LARV0149,Apogonidae,Astrapogon,puncticulatus,,27,60,4.5,15,7-Jul-05,1100,cn1,7-Jul-05,700,,22.61111111,
05LARV0010,Apogonidae,Astrapogon,puncticulatus,black finned,22.5,63.25,3.5,2,22-Jun-05,1455,cn2,22-Jun-05,6,,19.15059524,14.31266522
05LARV0020,Apogonidae,Astrapogon,puncticulatus,,27,3,4.5,2,26-Jun-05,1727,cn2,26-Jun-05,9,,22.50555556,15.70829338
05LARV0021,Apogonidae,Astrapogon,puncticulatus,,22.5,95,4.5,2,26-Jun-05,1727,cn2,26-Jun-05,9,,18.17592593,17.99374131
05LARV0022,Apogonidae,Astrapogon,puncticulatus,,27,95,4.5,2,26-Jun-05,1727,cn2,26-Jun-05,9,,22.67592593,17.6567733
05LARV0207,Apogonidae,Astrapogon,puncticulatus,,13.5,60,4.5,2,10-Jul-05,,cn3,10-Jul-05,700,,9.111111111,8.67990373
05LARV0208,Apogonidae,Astrapogon,puncticulatus,,13.5,110,4.5,2,10-Jul-05,,cn3,10-Jul-05,700,,9.203703704,8.279224787
05LARV0209,Apogonidae,Astrapogon,puncticulatus,,13.5,0,4.5,2,10-Jul-05,,cn3,10-Jul-05,700,,9,8.373170732
05LARV0212,Apogonidae,Astrapogon,puncticulatus,,19.5,23,1.5,2,10-Jul-05,,cn3,10-Jul-05,700,,18.12777778,9.745318352
03larv0065,Apogonidae,Astrapogon,puncticulatus,,15.8,70,3.6,2,,,liftnet,,,,14.3,12
05LARV0047,Apogonidae,Astrapogon,puncticulatus,,22.5,96,4.5,2,2-Jul-05,1230,,2-Jul-05,7,,18.17777778,16.70415454
05LARV0048,Apogonidae,Astrapogon,puncticulatus,,27,38,4.5,2,2-Jul-05,1230,,2-Jul-05,7,,22.57037037,17.17514505
05LARV0098,Apogonidae,Astrapogon,puncticulatus,,27,27,4.5,2,5-Jul-05,1040,,5-Jul-05,630,,22.55,13.3517739
05LARV0134,Apogonidae,Astrapogon,puncticulatus,,27,82,4.5,15,6-Jul-05,1230,,6-Jul-05,700,sample lost,22.65185185,
05LARV0135,Apogonidae,Astrapogon,puncticulatus,,22.5,263,4.5,15,6-Jul-05,1230,,6-Jul-05,700,,18.48703704,
05LARV0136,Apogonidae,Astrapogon,puncticulatus,,22.5,312,4.5,15,6-Jul-05,1230,,6-Jul-05,700,,18.57777778,
05LARV0195,Apogonidae,Astrapogon,puncticulatus,,22.5,464,4.5,15,9-Jul-05,1030,,9-Jul-05,700,,18.85925926,
05LARV0234,Apogonidae,Astrapogon,puncticulatus,,27,30,4.5,15,11-Jul-05,,,11-Jul-05,800,,22.55555556,
05LARV0238,Apogonidae,Astrapogon,puncticulatus,,27,213,4.5,15,11-Jul-05,,,11-Jul-05,800,,22.89444444,
05LARV0231,Apogonidae,Apogon,quadrisquamatus,,22.5,35,7.5,2,11-Jul-05,,cn1,11-Jul-05,800,,15.03888889,19.77294118
05LARV0232,Apogonidae,Apogon,quadrisquamatus,,30,67,7.5,2,11-Jul-05,,cn1,11-Jul-05,800,,22.57444444,20.81044957
05LARV0233,Apogonidae,Apogon,quadrisquamatus,,37.5,18,7.5,2,11-Jul-05,,cn1,11-Jul-05,800,,30.02,22.41010222
05LARV0270,Apogonidae,Apogon,quadrisquamatus,,27,27,4.5,2,13-Jul-05,,cn1,13-Jul-05,600,,22.55,19.13465539
05LARV0256,Apogonidae,Apogon,quadrisquamatus,,30,102,7.5,15,12-Jul-05,,cn1,12-Jul-05,600,,22.61333333,
05LARV0257,Apogonidae,Apogon,quadrisquamatus,,30,93,7.5,15,12-Jul-05,,cn1,12-Jul-05,600,,22.60333333,
05LARV0258,Apogonidae,Apogon,quadrisquamatus,,30,68,7.5,15,12-Jul-05,,cn1,12-Jul-05,600,,22.57555556,
05LARV0260,Apogonidae,Apogon,quadrisquamatus,,22.5,180,7.5,15,12-Jul-05,,cn1,12-Jul-05,600,,15.2,
05LARV0261,Apogonidae,Apogon,quadrisquamatus,,30,74,7.5,15,12-Jul-05,,cn1,12-Jul-05,600,,22.58222222,
05LARV0274,Apogonidae,Apogon,quadrisquamatus,,30,10,7.5,15,13-Jul-05,,cn1,13-Jul-05,600,,22.51111111,
05LARV0276,Apogonidae,Apogon,quadrisquamatus,,30,40,7.5,15,13-Jul-05,,cn1,13-Jul-05,600,,22.54444444,
05LARV0278,Apogonidae,Apogon,quadrisquamatus,,30,156,7.5,15,13-Jul-05,,cn1,13-Jul-05,600,,22.67333333,
05LARV0006,Apogonidae,Apogon,quadrisquamatus,,36,48.44,3.5,2,22-Jun-05,1410,cn2,22-Jun-05,6,,32.61533333,21.99262462
05LARV0007,Apogonidae,Apogon,quadrisquamatus,,22.5,78.5,3.5,2,22-Jun-05,1435,cn2,22-Jun-05,6,,19.18690476,19.60875413
05LARV0008,Apogonidae,Apogon,quadrisquamatus,,27,25.76,3.5,2,22-Jun-05,1435,cn2,22-Jun-05,6,,23.56133333,12.30546856
05LARV0009,Apogonidae,Apogon,quadrisquamatus,,4.5,10,3.5,2,22-Jun-05,1435,cn2,22-Jun-05,6,,1.023809524,17.52080856
05LARV0011,Apogonidae,Apogon,quadrisquamatus,,9,28,3.5,2,22-Jun-05,1455,cn2,22-Jun-05,6,,5.566666667,18.22934233
05LARV0284,Apogonidae,Apogon,quadrisquamatus,,30,20,7.5,2,14-Jul-05,,cn2,14-Jul-05,630,,22.52222222,22.75183594
05LARV0259,Apogonidae,Apogon,quadrisquamatus,,30,5,7.5,15,12-Jul-05,,cn2,12-Jul-05,600,,22.50555556,
05LARV0205,Apogonidae,Apogon,quadrisquamatus,,30,32,7.5,2,10-Jul-05,,cn3,10-Jul-05,700,,22.53555556,25.42393265
05LARV0036,Apogonidae,Apogon,quadrisquamatus,,30,28,7.5,2,2-Jul-05,1030,,2-Jul-05,7,,22.53111111,19.34330209
05LARV0046,Apogonidae,Apogon,quadrisquamatus,,27,65,4.5,2,2-Jul-05,1230,,2-Jul-05,7,,22.62037037,22.24765117
05LARV0061,Apogonidae,Apogon,quadrisquamatus,,30,52,7.5,2,3-Jul-05,1045,,3-Jul-05,7,,22.55777778,22.6500379
05LARV0062,Apogonidae,Apogon,quadrisquamatus,,30,0,7.5,2,3-Jul-05,1045,,3-Jul-05,7,,22.5,20.20910127
05LARV0088,Apogonidae,Apogon,,,22.5,0,4.5,2,5-Jul-05,953,cn3,5-Jul-05,630,,18,14.12490743
05LARV0161,Apogonidae,Apogon,,,30,37,7.5,2,8-Jul-05,1000,cn3,8-Jul-05,700,,22.54111111,20.26306392
05LARV0040,Apogonidae,Apogon,,,27,6,4.5,2,2-Jul-05,1048,,2-Jul-05,7,gts 22.5,22.51111111,14.13356282
05LARV0097,Apogonidae,Apogon,,,22.5,104,4.5,2,5-Jul-05,1040,,5-Jul-05,630,,18.19259259,13.34777377
05LARV0296,Balistidae,,Sp1,,18,37,4.5,2,26-Jul-05,,cn3,,,,13.56851852,10.39372994
05LARV0297,Balistidae,,Sp1,,18,107,4.5,2,26-Jul-05,,cn3,,,,13.69814815,11.04811199
05LARV0298,Balistidae,,Sp1,,18,49,4.5,2,26-Jul-05,,cn3,,,,13.59074074,10.48565647
05LARV0299,Balistidae,,Sp1,,13.5,90,4.5,2,26-Jul-05,,cn3,,,,9.166666667,
05LARV0075,Blenniidae,Ophioblennius,atlanticus,"""atlanticus""",7.5,26,1.5,2,4-Jul-05,900,,4-Jul-05,630,,6.144444444,15.92394534
05LARV0282,Carangidae,,Sp1,carangidae?,30,47,7.5,2,14-Jul-05,,cn3,14-Jul-05,630,,22.55222222,16.71578947
05LARV0037,Carangidae,,Sp1,,37.5,34,7.5,2,2-Jul-05,1030,,2-Jul-05,7,,30.03777778,19.00686529
05LARV0325,Carangidae,,Sp2,,18,15,4.5,2,30-Jul-05,,cn1,,,,13.52777778,8.231343284
05LARV0330,Carangidae,,Sp2,,22.5,22,4.5,2,30-Jul-05,,cn1,,,,18.04074074,9.181690141
05LARV0317,Carangidae,,Sp2,,30,2,7.5,2,27-Jul-05,,cn2,,,,22.50222222,11.11124331
05LARV0318,Carangidae,,Sp2,,22.5,32,7.5,2,27-Jul-05,,cn2,,,,15.03555556,8.363045049
05LARV0293,Carangidae,,Sp2,,27,41,4.5,2,26-Jul-05,,cn3,,,,22.57592593,10.8961696
05LARV0160,Chaenopsidae,,,????,22.5,0,7.5,2,8-Jul-05,1000,cn2,8-Jul-05,700,,15,34.10624045
05LARV0130,Chaetodontidae,Chaetodon,capistratus,,45,15,7.5,2,6-Jul-05,1140,cn1,6-Jul-05,700,,37.51666667,22.41234568
05LARV0202,Chaetodontidae,Chaetodon,capistratus,,37.5,92,7.5,2,10-Jul-05,,cn1,10-Jul-05,700,,30.10222222,16.61815995
05LARV0203,Chaetodontidae,Chaetodon,capistratus,,45,44,7.5,2,10-Jul-05,,cn1,10-Jul-05,700,,37.54888889,17.90387183
05LARV0275,Chaetodontidae,Chaetodon,capistratus,,37.5,68,7.5,15,13-Jul-05,,cn1,13-Jul-05,600,,30.07555556,
05LARV0277,Chaetodontidae,Chaetodon,capistratus,,37.5,124,7.5,15,13-Jul-05,,cn1,13-Jul-05,600,,30.13777778,
05LARV0279,Chaetodontidae,Chaetodon,capistratus,,37.5,158,7.5,15,13-Jul-05,,cn1,13-Jul-05,600,,30.17555556,
05LARV0198,Chaetodontidae,Chaetodon,capistratus,,37.5,115,7.5,2,10-Jul-05,900,cn2,10-Jul-05,700,,30.12777778,17.00073873
05LARV0199,Chaetodontidae,Chaetodon,capistratus,,37.5,109,7.5,2,10-Jul-05,,cn2,10-Jul-05,700,,30.12111111,17.34730755
05LARV0200,Chaetodontidae,Chaetodon,capistratus,,45,25,7.5,2,10-Jul-05,,cn2,10-Jul-05,700,,37.52777778,16.79382716
05LARV0283,Chaetodontidae,Chaetodon,capistratus,,30,55,7.5,2,14-Jul-05,,cn2,14-Jul-05,630,,22.56111111,16.49701844
05LARV0253,Chaetodontidae,Chaetodon,capistratus,,37.5,693,7.5,15,12-Jul-05,,cn2,12-Jul-05,600,,30.77,
05LARV0254,Chaetodontidae,Chaetodon,capistratus,,37.5,51,7.5,15,12-Jul-05,,cn2,12-Jul-05,600,,30.05666667,
05LARV0255,Chaetodontidae,Chaetodon,capistratus,,37.5,30,7.5,15,12-Jul-05,,cn2,12-Jul-05,600,,30.03333333,
05LARV0262,Chaetodontidae,Chaetodon,capistratus,,37.5,630,7.5,15,12-Jul-05,,cn2,12-Jul-05,600,,30.7,
05LARV0263,Chaetodontidae,Chaetodon,capistratus,,37.5,86,7.5,15,12-Jul-05,,cn2,12-Jul-05,600,,30.09555556,
05LARV0264,Chaetodontidae,Chaetodon,capistratus,,45,34,7.5,15,12-Jul-05,,cn2,12-Jul-05,600,,37.53777778,
05LARV0201,Chaetodontidae,Chaetodon,capistratus,,37.5,101,7.5,2,10-Jul-05,,cn3,10-Jul-05,700,,30.11222222,17.22141998
05LARV0242,Chaetodontidae,Chaetodon,capistratus,,37.5,36,7.5,2,12-Jul-05,,cn3,12-Jul-05,600,,30.04,16.96871239
05LARV0243,Chaetodontidae,Chaetodon,capistratus,,37.5,8,7.5,2,12-Jul-05,,cn3,12-Jul-05,600,,30.00888889,17.40763322
03larv0045,Chaetodontidae,Chaetodon,capistratus,,59,19.3,4.5,2,,,liftnet,,,,55.22375,15
05LARV0106,Chaetodontidae,Chaetodon,capistratus,,37.5,33,7.5,2,6-Jul-05,900,lt,6-Jul-05,700,,30.03666667,16.24679917
05LARV0107,Chaetodontidae,Chaetodon,capistratus,,37.5,30,7.5,2,6-Jul-05,900,lt,6-Jul-05,700,,30.03333333,17.61661426
05LARV0108,Chaetodontidae,Chaetodon,capistratus,,37.5,86,7.5,2,6-Jul-05,900,lt,6-Jul-05,700,,30.09555556,19.4082397
05LARV0109,Chaetodontidae,Chaetodon,capistratus,,37.5,57,7.5,2,6-Jul-05,930,lt,6-Jul-05,700,,30.06333333,34.25121951
05LARV0110,Chaetodontidae,Chaetodon,capistratus,,37.5,24,7.5,2,6-Jul-05,930,lt,6-Jul-05,700,,30.02666667,16.81240891
05LARV0111,Chaetodontidae,Chaetodon,capistratus,,37.5,28,7.5,2,6-Jul-05,930,lt,6-Jul-05,700,,30.03111111,17.676666
05LARV0112,Chaetodontidae,Chaetodon,capistratus,,37.5,45,7.5,2,6-Jul-05,930,lt,6-Jul-05,700,,30.05,18.3638137
05LARV0113,Chaetodontidae,Chaetodon,capistratus,,37.5,66,7.5,2,6-Jul-05,930,lt,6-Jul-05,700,,30.07333333,17.29583233
05LARV0114,Chaetodontidae,Chaetodon,capistratus,,45,29,7.5,2,6-Jul-05,930,lt,6-Jul-05,700,,37.53222222,16.94547249
05LARV0117,Chaetodontidae,Chaetodon,capistratus,,36,41,4.5,2,6-Jul-05,1000,lt,6-Jul-05,700,,31.57592593,16.99337748
05LARV0219,Chaetodontidae,Chaetodon,capistratus,,37.5,40,7.5,2,11-Jul-05,,lt,11-Jul-05,800,,30.04444444,16.36352941
05LARV0220,Chaetodontidae,Chaetodon,capistratus,,37.5,28,7.5,2,11-Jul-05,,lt,11-Jul-05,800,,30.03111111,17.02297346
05LARV0221,Chaetodontidae,Chaetodon,capistratus,,37.5,25,7.5,2,11-Jul-05,,lt,11-Jul-05,800,,30.02777778,16.38878993
05LARV0222,Chaetodontidae,Chaetodon,capistratus,,37.5,44,7.5,2,11-Jul-05,,lt,11-Jul-05,800,,30.04888889,17.13889893
05LARV0223,Chaetodontidae,Chaetodon,capistratus,,37.5,44,7.5,2,11-Jul-05,,lt,11-Jul-05,800,,30.04888889,16.717243
05LARV0224,Chaetodontidae,Chaetodon,capistratus,,37.5,36,7.5,2,11-Jul-05,,lt,11-Jul-05,800,,30.04,16.4480419
03larv0034,Chaetodontidae,Chaetodon ,striatus,,59,44.3,6,2,,,liftnet,,,,55.215,20
05LARV0013,Diodontidae,Chylomycterus,antennatus,,7.5,120,1.5,2,26-Jun-05,1548,cn2,26-Jun-05,9,,6.666666667,11.93429354
05LARV0271,Gerridae,,,,27,44,4.5,2,13-Jul-05,,cn1,13-Jul-05,600,,22.58148148,13.85834642
05LARV0272,Gerridae,,,,27,101,4.5,2,13-Jul-05,,cn1,13-Jul-05,600,,22.68703704,13.78714286
05LARV0273,Gerridae,,,,31.5,0,4.5,2,13-Jul-05,,cn1,13-Jul-05,600,,27,12.61328455
05LARV0150,Gerridae,,,,31.5,83,4.5,15,7-Jul-05,1100,cn1,7-Jul-05,700,,27.1537037,
05LARV0151,Gerridae,,,,31.5,75,4.5,15,7-Jul-05,1100,cn1,7-Jul-05,700,,27.13888889,
05LARV0152,Gerridae,,,,31.5,60,4.5,15,7-Jul-05,1200,cn1,7-Jul-05,700,,27.11111111,
05LARV0153,Gerridae,,,,31.5,34,4.5,15,7-Jul-05,1200,cn1,7-Jul-05,700,,27.06296296,
05LARV0154,Gerridae,,,,31.5,41,4.5,15,7-Jul-05,1200,cn1,7-Jul-05,700,,27.07592593,
05LARV0084,Gerridae,,,same as 85,31.5,10,4.5,2,5-Jul-05,926,cn3,5-Jul-05,630,,27.01851852,17.92367715
05LARV0085,Gerridae,,,same as 84,31.5,0,4.5,2,5-Jul-05,926,cn3,5-Jul-05,630,,27,17.82917721
05LARV0089,Gerridae,,,same as 85?,36,2,4.5,2,5-Jul-05,953,cn3,5-Jul-05,630,,31.5037037,19.43327239
03larv0008,Gerridae,,,,41,7.74,3,2,,,liftnet,,,,38.1935,10
03larv0009,Gerridae,,,,23,77.5,3,2,,,liftnet,,,,21.9375,10
03larv0017,Gerridae,,,,41,17.4,3,2,,,liftnet,,,,38.435,10
03larv0018,Gerridae,,,,50,36.9,3,2,,,liftnet,,,,47.9225,10
03larv0019,Gerridae,,,,38,55.1,3,2,,,liftnet,,,,36.3775,10
03larv0052,Gerridae,,,,41,5.4,3,2,,,liftnet,,,,38.135,10
03larv0067,Gerridae,,,,38,88.5,3,2,,,liftnet,,,,37.2125,10
04larv0008,Gerridae,,,,29,9.94,3,2,,,liftnet,,,,26.02761111,10
04larv0012,Gerridae,,,,26,101.66,3,2,,,liftnet,,,,23.28238889,10
04larv0013,Gerridae,,,,29,15.13,3,2,,,liftnet,,,,26.04202778,10
04larv0014,Gerridae,,,,32,6.21,3,2,,,liftnet,,,,29.01725,10
04larv0018,Gerridae,,,,44,18.43,3,2,,,liftnet,,,,41.05119444,10
05LARV0054,Gerridae,,,?gerrid,31.5,2,4.5,2,2-Jul-05,,,2-Jul-05,7,,27.0037037,12.08213305
05LARV0055,Gerridae,,,?gerrid,31.5,5,4.5,2,2-Jul-05,,,2-Jul-05,7,,27.00925926,11.52946775
05LARV0056,Gerridae,,,?gerrid,31.5,50,4.5,2,2-Jul-05,,,2-Jul-05,7,,27.09259259,13.8082344
05LARV0196,Gerridae,,,,31.5,31,4.5,15,9-Jul-05,1030,,9-Jul-05,700,,27.05740741,
05LARV0197,Gerridae,,,,31.5,75,4.5,15,9-Jul-05,1030,,9-Jul-05,700,,27.13888889,
05LARV0216,Gerridae,,,,22.5,205,4.5,15,10-Jul-05,,,10-Jul-05,700,,18.37962963,
05LARV0217,Gerridae,,,,22.5,235,4.5,15,10-Jul-05,,,10-Jul-05,700,,18.43518519,
05LARV0235,Gerridae,,,,31.5,17,4.5,15,11-Jul-05,,,11-Jul-05,800,,27.03148148,
05LARV0239,Gerridae,,,,27,230,4.5,15,11-Jul-05,,,11-Jul-05,800,,22.92592593,
05LARV0225,Haemulidae,Haemulon,flavolineatum,,45,27,4.5,2,11-Jul-05,,cn1,11-Jul-05,800,,40.55,16.07952564
05LARV0324,Haemulidae,Haemulon,flavolineatum,,31.5,77,4.5,2,30-Jul-05,,cn2,,,,27.14259259,16.21138626
03larv0048,Holocentridae,Sargocentron,coruscum,,62.6,120,9,2,,,liftnet,,,,62.6,30
05LARV0105,Holocentridae,Sargocentron,coruscum,,73.5,18,10.5,2,6-Jul-05,900,lt,6-Jul-05,700,,63.01428571,
05LARV0156,Holocentridae,Sargocentron,coruscum,,101,120,10.5,2,8-Jul-05,845,lt,8-Jul-05,700,outswam chamber gts 63,90.5952381,42.37065734
03larv0011,Labridae,Thalassoma,bifasciatum,,12.2,89.5,3.6,2,,,liftnet,,,,11.285,12
04larv0009,Labridae,Doratonatus,megalepis,,26,85.39,3,2,,,liftnet,,,,23.23719444,8.5
04larv0010,Labridae,Doratonatus,megalepis,,38,10.91,3,2,,,liftnet,,,,35.03030556,8
04larv0017,Labridae,Doratonatus,megalepis,,53,56.63,3,2,,,liftnet,,,,50.15730556,8
05LARV0331,Labridae,Clepticus,parrae,,31.5,51,4.5,2,2-Aug-05,,reef,,,,27.09444444,17.20691132
05LARV0332,Labridae,Clepticus,parrae,,31.5,56,4.5,2,2-Aug-05,,reef,,,,27.1037037,17.27588121
05LARV0333,Labridae,Clepticus,parrae,,31.5,60,4.5,2,2-Aug-05,,reef,,,,27.11111111,14.3148688
05LARV0334,Labridae,Clepticus,parrae,,31.5,87,4.5,2,2-Aug-05,,reef,,,,27.16111111,17.39050838
05LARV0335,Labridae,Clepticus,parrae,,36,3,4.5,2,2-Aug-05,,reef,,,,31.50555556,16.93529412
05LARV0336,Labridae,Clepticus,parrae,,31.5,92,4.5,2,2-Aug-05,,reef,,,,27.17037037,18.15826929
04larv0005,Labridae,Xyrichtys,SpA,,30,43.77,5,2,,,liftnet,,,,25.07295,17
03larv0021,Labridae,,SpA,,17,32.3,3,2,,,liftnet,,,,14.8075,10
03larv0022,Labridae,,SpA,,11,10.1,3,2,,,liftnet,,,,8.2525,10
04larv0002,Labridae,,,,26.6,27.09,3.6,2,,,liftnet,,,,23.06270833,12
03larv0058,leptocephali,,,,27.5,50.9,7.5,2,,,liftnet,,,,23.18125,25
03larv0060,leptocephali,,,,12.5,10.1,7.5,2,,,liftnet,,,,5.63125,25
05LARV0155,Lutjanidae,Lutjanus,apodus,,45,83,7.5,2,7-Jul-05,1200,cn,7-Jul-05,700,,37.59222222,20.46139019
05LARV0123,Lutjanidae,Lutjanus,apodus,,37.5,50,7.5,2,6-Jul-05,1040,cn1,6-Jul-05,700,,30.05555556,22.28168329
05LARV0124,Lutjanidae,Lutjanus,apodus,,37.5,43,7.5,2,6-Jul-05,1100,cn1,6-Jul-05,700,,30.04777778,18.58099878
05LARV0127,Lutjanidae,Lutjanus,apodus,,45,15,7.5,2,6-Jul-05,1120,cn1,6-Jul-05,700,,37.51666667,21.2736579
05LARV0141,Lutjanidae,Lutjanus,apodus,,37.5,107,7.5,2,7-Jul-05,,cn1,7-Jul-05,700,,30.11888889,
05LARV0269,Lutjanidae,Lutjanus,apodus,,36,19,4.5,2,13-Jul-05,,cn1,13-Jul-05,600,,31.53518519,15.47883561
05LARV0288,Lutjanidae,Lutjanus,apodus,,37.5,29,4.5,2,24-Jul-05,,cn2,,,,33.0537037,22.00760242
05LARV0308,Lutjanidae,Lutjanus,apodus,,37.5,90,7.5,2,27-Jul-05,,cn2,,,,30.1,19.81467935
05LARV0309,Lutjanidae,Lutjanus,apodus,,37.5,45,7.5,2,27-Jul-05,,cn2,,,,30.05,15.66071429
05LARV0310,Lutjanidae,Lutjanus,apodus,,37.5,27,7.5,2,27-Jul-05,,cn2,,,,30.03,19.21994569
05LARV0319,Lutjanidae,Lutjanus,apodus,,37.5,30,7.5,2,27-Jul-05,,cn2,,,,30.03333333,19.19855596
05LARV0080,Lutjanidae,Lutjanus,apodus,,37.5,54,7.5,2,5-Jul-05,853,cn3,5-Jul-05,630,,30.06,26.98244331
05LARV0081,Lutjanidae,Lutjanus,apodus,,45,65,7.5,2,5-Jul-05,905,cn3,5-Jul-05,630,,37.57222222,25.54124022
05LARV0305,Lutjanidae,Lutjanus,apodus,,45,34,7.5,2,27-Jul-05,,cn4,,,,37.53777778,20.11926274
05LARV0306,Lutjanidae,Lutjanus,apodus,,37.5,91,7.5,2,27-Jul-05,,cn4,,,,30.10111111,18.93672077
05LARV0307,Lutjanidae,Lutjanus,apodus,,37.5,95,7.5,2,27-Jul-05,,cn4,,,,30.10555556,18.6455542
05LARV0129,Lutjanidae,Ocyurus,chrysurus,,37.5,92,7.5,2,6-Jul-05,1120,cn1,6-Jul-05,700,,30.10222222,21.12341432
05LARV0268,Lutjanidae,Ocyurus,chrysurus,,36,0,4.5,2,13-Jul-05,,cn1,13-Jul-05,600,,31.5,18.77513711
05LARV0121,Lutjanidae,Ocyurus,chrysurus,,37.5,71,7.5,2,6-Jul-05,1040,cn2,6-Jul-05,700,,30.07888889,24.68658537
05LARV0122,Lutjanidae,Ocyurus,chrysurus,,30,112,7.5,2,6-Jul-05,1040,cn2,6-Jul-05,700,,22.62444444,19.17349398
05LARV0086,Lutjanidae,Ocyurus,chrysurus,,38,68,4.5,2,5-Jul-05,926,cn3,5-Jul-05,630,,33.62592593,19.68142681
05LARV0060,Lutjanidae,Ocyurus,chrysurus,,37.5,28,7.5,2,3-Jul-05,1045,,3-Jul-05,7,,30.03111111,20.13907642
05LARV0079,Lutjanidae,Lutjanus,mahogani,,45,4.8,7.5,2,5-Jul-05,853,cn1,5-Jul-05,630,,37.50533333,27.17833232
05LARV0125,Lutjanidae,Lutjanus,mahogani,,37.5,69,7.5,2,6-Jul-05,1100,cn1,6-Jul-05,700,,30.07666667,27.74878049
05LARV0126,Lutjanidae,Lutjanus,mahogani,,45,72,7.5,2,6-Jul-05,1100,cn1,6-Jul-05,700,,37.58,30.27104671
05LARV0128,Lutjanidae,Lutjanus,mahogani,,37.5,113,7.5,2,6-Jul-05,1120,cn1,6-Jul-05,700,,30.12555556,18.33194527
05LARV0204,Lutjanidae,Lutjanus,mahogani,,52.5,54,7.5,2,10-Jul-05,,cn2,10-Jul-05,700,,45.06,32.09626955
05LARV0320,Lutjanidae,Lutjanus,mahogani,,31.5,114,4.5,2,29-Jul-05,,cn2,,,,27.21111111,19.25842697
05LARV0206,Lutjanidae,Lutjanus,mahogani,,45,90,7.5,2,10-Jul-05,,cn3,10-Jul-05,700,,37.6,27.01663586
03larv0046,Lutjanidae,?,Sp7,,41,113.3,4.5,2,,,liftnet,,,,40.74875,15
05LARV0018,Monacanthidae,Monacanthus,ciliatus,,13.5,60,1.5,2,26-Jun-05,1645,cn2,26-Jun-05,9,,12.33333333,10.88822475
04larv0006,Monacanthidae,Monacanthus,ciliatus,,17,43.93,3,2,,,liftnet,,,,14.12202778,8
04larv0015,Monacanthidae,Monacanthus,ciliatus,,23,107.93,3,2,,,liftnet,,,,20.29980556,10
05LARV0063,Monacanthidae,Monacanthus,ciliatus,,13.5,65,1.5,2,3-Jul-05,1130,,3-Jul-05,7,,12.36111111,10.42588155
05LARV0064,Monacanthidae,Monacanthus,ciliatus,,18,14,1.5,2,3-Jul-05,1130,,3-Jul-05,7,,16.57777778,13.27793934
03larv0035,Monacanthidae,Stephanolepis,setifer,,42.8,26.2,5.4,2,,,liftnet,,,,38.579,18
03larv0036,Monacanthidae,Stephanolepis,setifer,,37.4,31.8,5.4,2,,,liftnet,,,,33.431,18
05LARV0004,Monacanthidae,Stephanolepis,setifer,,50,15.2,7.5,2,11-Jun-05,,lt,11-Jun-05,7,,42.51688889,2.5
05LARV0099,Monacanthidae,Stephanolepis,setifer,,37.5,63,7.5,2,5-Jul-05,1056,,5-Jul-05,630,,30.07,25.27316486
05LARV0017,Monacanthidae,Monacanthus,tuckeri,,12,113,1.5,2,26-Jun-05,1645,cn2,26-Jun-05,9,,11.12777778,11.05523994
05LARV0042,Monacanthidae,Monacanthus,tuckeri,,18,15,4.5,2,2-Jul-05,1110,,2-Jul-05,7,,13.52777778,10.73603389
05LARV0101,Monacanthidae,Monacanthus,tuckeri,,30,55,7.5,2,5-Jul-05,1056,,5-Jul-05,630,,22.56111111,25.58471965
05LARV0188,Monacanthidae,Monacanthus,tuckeri,,37.5,20,7.5,2,9-Jul-05,820,,9-Jul-05,700,,30.02222222,28.73007842
05LARV0043,Ogcocephalidae,Ogcocephalus,nasutus,batfish,1.5,77,1.5,2,2-Jul-05,1110,,2-Jul-05,7,,0.427777778,5.758509871
05LARV0058,Ogcocephalidae,Ogcocephalus,nasutus,,1.5,54,1.5,2,3-Jul-05,1039,,3-Jul-05,7,,0.3,6.52567154
05LARV0059,Ogcocephalidae,Ogcocephalus,nasutus,,1.5,30,1.5,2,3-Jul-05,1039,,3-Jul-05,7,,0.166666667,6.830511931
05LARV0247,Ostraciidae,Lactophrys,bicaudalis,,22.5,6,4.5,2,12-Jul-05,,cn1,12-Jul-05,600,,18.01111111,
05LARV0302,Ostraciidae,Lactophrys,bicaudalis,,18,10,4.5,2,27-Jul-05,,cn1,,,,13.51851852,7.678064436
05LARV0303,Ostraciidae,Lactophrys,bicaudalis,,13.5,24,4.5,2,27-Jul-05,,cn1,,,,9.044444444,7.588477366
05LARV0304,Ostraciidae,Lactophrys,bicaudalis,,13.5,16,4.5,2,27-Jul-05,,cn1,,,,9.02962963,7.619331032
05LARV0244,Ostraciidae,Lactophrys,bicaudalis,,18,67,1.5,2,12-Jul-05,,cn2,12-Jul-05,600,,16.87222222,8.567247897
05LARV0245,Ostraciidae,Lactophrys,bicaudalis,,18,15,1.5,2,12-Jul-05,,cn2,12-Jul-05,600,,16.58333333,8.195667698
05LARV0266,Ostraciidae,Lactophrys,bicaudalis,,18,118,4.5,2,13-Jul-05,,cn2,13-Jul-05,600,,13.71851852,9.295459892
05LARV0286,Ostraciidae,Lactophrys,bicaudalis,,18,75,4.5,2,14-Jul-05,,cn2,14-Jul-05,630,,13.63888889,9.353751054
05LARV0311,Ostraciidae,Lactophrys,bicaudalis,,18,0,4.5,2,27-Jul-05,,cn2,,,,13.5,8.163532492
05LARV0312,Ostraciidae,Lactophrys,bicaudalis,,18,0,4.5,2,27-Jul-05,,cn2,,,,13.5,7.619331032
05LARV0313,Ostraciidae,Lactophrys,bicaudalis,,18,0,4.5,2,27-Jul-05,,cn2,,,,13.5,6.682111938
05LARV0267,Ostraciidae,Lactophrys,bicaudalis,,22.5,20,4.5,2,13-Jul-05,,cn3,13-Jul-05,600,,18.03703704,8.797110175
05LARV0287,Ostraciidae,Lactophrys,triqueter,,18,14,4.5,2,14-Jul-05,,cn2,14-Jul-05,630,,13.52592593,7.216752184
05LARV0241,Pomacanthidae,Holacanthus,ciliaris,,45,20,7.5,2,12-Jul-05,,cn3,12-Jul-05,600,,37.52222222,21.51937793
05LARV0281,Pomacanthidae,Holacanthus,ciliaris,,31.5,99,10.5,2,14-Jul-05,,cn3,14-Jul-05,630,,21.07857143,25.21926173
05LARV0157,Pomacentridae,Microspathodon,chrysurus,,36,64,4.5,2,8-Jul-05,940,lt,8-Jul-05,700,,31.61851852,16.80395191
05LARV0016,Pomacentridae,Stegastes,diencaeus,,27,30.7,4.5,2,26-Jun-05,1620,cn2,26-Jun-05,9,,22.55685185,12.91512915
05LARV0019,Pomacentridae,Stegastes,diencaeus,,31.5,14.5,1.5,2,26-Jun-05,1645,cn2,26-Jun-05,9,,30.08055556,13.00803261
03larv0013,Pomacentridae,Stegastes,diencaeus,,62.6,full,3.6,2,,,liftnet,,,,62.6,12
03larv0023,Pomacentridae,Stegastes,diencaeus,,41,17.5,3.6,2,,,liftnet,,,,37.925,12
03larv0024,Pomacentridae,Stegastes,diencaeus,,48.2,8.9,3.6,2,,,liftnet,,,,44.867,12
03larv0025,Pomacentridae,Stegastes,diencaeus,,37.4,30.2,3.6,2,,,liftnet,,,,34.706,12
03larv0030,Pomacentridae,Stegastes,diencaeus,,44.6,21.6,3.6,2,,,liftnet,,,,41.648,12
03larv0031,Pomacentridae,Stegastes,diencaeus,,62.6,23.1,3.6,2,,,liftnet,,,,59.693,12
03larv0038,Pomacentridae,Stegastes,diencaeus,,47,25.1,3,2,,,liftnet,,,,44.6275,10
03larv0039,Pomacentridae,Stegastes,diencaeus,,59,0.1,3.6,2,,,liftnet,,,,55.403,12
03larv0040,Pomacentridae,Stegastes,diencaeus,,59,1.5,3.6,2,,,liftnet,,,,55.445,12
03larv0041,Pomacentridae,Stegastes,diencaeus,,59,29.6,3.6,2,,,liftnet,,,,56.288,12
03larv0042,Pomacentridae,Stegastes,diencaeus,,62.6,120,3.6,2,,,liftnet,,,,62.6,12
03larv0043,Pomacentridae,Stegastes,diencaeus,,62.6,120,3.6,2,,,liftnet,,,,62.6,12
03larv0050,Pomacentridae,Stegastes,diencaeus,,48.2,89.9,3.6,2,,,liftnet,,,,47.297,12
03larv0051,Pomacentridae,Stegastes,diencaeus,,48.2,0.1,3.6,2,,,liftnet,,,,44.603,12
04larv0004,Pomacentridae,Stegastes,diencaeus,,50.2,67.45,3.6,2,,,liftnet,,,,46.75613426,12
05LARV0032,Pomacentridae,Stegastes,diencaeus,,27,65,4.5,2,2-Jul-05,1000,,2-Jul-05,7,,22.62037037,12.34927724
05LARV0033,Pomacentridae,Stegastes,diencaeus,,31.5,24,4.5,2,2-Jul-05,1000,,2-Jul-05,7,,27.04444444,12.14131218
05LARV0034,Pomacentridae,Stegastes,diencaeus,,36,1,4.5,2,2-Jul-05,1000,,2-Jul-05,7,,31.50185185,11.48408586
05LARV0049,Pomacentridae,Stegastes,diencaeus,,31.5,87,4.5,2,2-Jul-05,1245,,2-Jul-05,7,,27.16111111,13.56776356
05LARV0050,Pomacentridae,Stegastes,diencaeus,,31.5,19,4.5,2,2-Jul-05,1245,,2-Jul-05,7,,27.03518519,13.16680544
05LARV0051,Pomacentridae,Stegastes,diencaeus,,31.5,94,4.5,2,2-Jul-05,1245,,2-Jul-05,7,,27.17407407,12.01024496
05LARV0068,Pomacentridae,Stegastes,diencaeus,,37.5,9,7.5,2,3-Jul-05,1150,,3-Jul-05,7,,30.01,12.78364999
05LARV0073,Pomacentridae,Stegastes,diencaeus,,31.5,49,4.5,2,4-Jul-05,800,,4-Jul-05,630,,27.09074074,12.68101266
05LARV0074,Pomacentridae,Stegastes,diencaeus,,36,14,4.5,2,4-Jul-05,800,,4-Jul-05,630,,31.52592593,11.7888598
05LARV0102,Pomacentridae,Stegastes,diencaeus,,27,70,4.5,2,5-Jul-05,1120,,5-Jul-05,630,,22.62962963,12.0525641
05LARV0103,Pomacentridae,Stegastes,diencaeus,,31.5,59,4.5,2,5-Jul-05,1120,,5-Jul-05,630,,27.10925926,12.2490887
05LARV0104,Pomacentridae,Stegastes,diencaeus,,36,10,4.5,2,5-Jul-05,1120,,5-Jul-05,630,,31.51851852,7.95515364
05LARV0131,Pomacentridae,Stegastes,diencaeus,,36,45,4.5,15,6-Jul-05,1230,,6-Jul-05,700,,31.58333333,
05LARV0132,Pomacentridae,Stegastes,diencaeus,,36,17,4.5,15,6-Jul-05,1230,,6-Jul-05,700,,31.53148148,
05LARV0133,Pomacentridae,Stegastes,diencaeus,,36,150,4.5,15,6-Jul-05,1230,,6-Jul-05,700,,31.77777778,
05LARV0191,Pomacentridae,Stegastes,diencaeus,,36,22,4.5,15,9-Jul-05,833,,9-Jul-05,700,,31.54074074,
05LARV0192,Pomacentridae,Stegastes,diencaeus,,36,13,4.5,15,9-Jul-05,833,,9-Jul-05,700,,31.52407407,
05LARV0193,Pomacentridae,Stegastes,diencaeus,,40.5,11,4.5,15,9-Jul-05,833,,9-Jul-05,700,,36.02037037,
05LARV0194,Pomacentridae,Stegastes,diencaeus,,36,92,4.5,15,9-Jul-05,1030,,9-Jul-05,700,,31.67037037,
05LARV0213,Pomacentridae,Stegastes,diencaeus,,36,26,4.5,15,10-Jul-05,,,10-Jul-05,700,,31.54814815,
05LARV0214,Pomacentridae,Stegastes,diencaeus,,36,73,4.5,15,10-Jul-05,,,10-Jul-05,700,,31.63518519,
05LARV0215,Pomacentridae,Stegastes,diencaeus,,36,14,4.5,15,10-Jul-05,,,10-Jul-05,700,,31.52592593,
05LARV0321,Pomacentridae,Stegastes,dorsopunicans,,36,13,4.5,2,29-Jul-05,,cn1,,,,31.52407407,14.97375656
05LARV0158,Pomacentridae,Stegastes,leucostictus,,36,25,4.5,2,8-Jul-05,940,lt,8-Jul-05,700,,31.5462963,14.2097561
05LARV0159,Pomacentridae,Stegastes,leucostictus,,36,15,4.5,2,8-Jul-05,940,lt,8-Jul-05,700,,31.52777778,
05LARV0023,Pomacentridae,Stegastes,partitus,,36,27,4.5,2,26-Jun-05,1750,cn2,26-Jun-05,9,,31.55,17.41485686
05LARV0024,Pomacentridae,Stegastes,partitus,,31.5,65,4.5,2,26-Jun-05,1750,cn2,26-Jun-05,9,,27.12037037,16.58886894
05LARV0025,Pomacentridae,Stegastes,partitus,,36,37,4.5,2,26-Jun-05,1750,cn2,26-Jun-05,9,,31.56851852,17.87137792
03larv0012,Pomacentridae,Stegastes,partitus,,9.4,9.6,4.4,2,,,liftnet,,,,5.352,14.4
03larv0032,Pomacentridae,Stegastes,partitus,,50,34,4.5,2,,,liftnet,,,,46.775,15
03larv0033,Pomacentridae,Stegastes,partitus,,54.5,23.6,4.5,2,,,liftnet,,,,50.885,15
03larv0044,Pomacentridae,Stegastes,partitus,,47,55,4.2,2,,,liftnet,,,,44.725,14
04larv0001,Pomacentridae,Stegastes,partitus,,23,12.09,3,2,,,liftnet,,,,20.03358333,9
05LARV0002,Pomacentridae,Stegastes,partitus,,48.92,2.64,3.66,2,9-Jun-05,,lt,9-Jun-05,6,,45.26601093,12.2
05LARV0115,Pomacentridae,Stegastes,partitus,,36,32,4.5,2,6-Jul-05,1000,lt,6-Jul-05,700,,31.55925926,16.62897274
05LARV0116,Pomacentridae,Stegastes,partitus,,36,37,4.5,2,6-Jul-05,1000,lt,6-Jul-05,700,,31.56851852,16.31071429
05LARV0137,Pomacentridae,Stegastes,partitus,,31.5,15,4.5,2,7-Jul-05,900,lt,7-Jul-05,700,,27.02777778,16.00172712
05LARV0138,Pomacentridae,Stegastes,partitus,,31.5,0,4.5,2,7-Jul-05,900,lt,7-Jul-05,700,,27,16.8738574
05LARV0139,Pomacentridae,Stegastes,partitus,,36,55,4.5,2,7-Jul-05,900,lt,7-Jul-05,700,,31.60185185,16.18876512
05LARV0164,Pomacentridae,Stegastes,partitus,,40.5,73,4.5,2,8-Jul-05,1034,lt,8-Jul-05,700,,36.13518519,18.09897481
05LARV0165,Pomacentridae,Stegastes,partitus,,40.5,43,4.5,2,8-Jul-05,1034,lt,8-Jul-05,700,,36.07962963,16.75783133
05LARV0166,Pomacentridae,Stegastes,partitus,,40.5,14,4.5,2,8-Jul-05,1034,lt,8-Jul-05,700,,36.02592593,16.76051188
05LARV0167,Pomacentridae,Stegastes,partitus,,36,82,4.5,2,8-Jul-05,1050,lt,8-Jul-05,700,,31.65185185,17.32378719
05LARV0168,Pomacentridae,Stegastes,partitus,,36,63,4.5,2,8-Jul-05,1050,lt,8-Jul-05,700,,31.61666667,16.67037037
05LARV0169,Pomacentridae,Stegastes,partitus,,36,20,4.5,2,8-Jul-05,1050,lt,8-Jul-05,700,,31.53703704,16.03010116
05LARV0170,Pomacentridae,Stegastes,partitus,,37.5,65,7.5,2,8-Jul-05,1115,lt,8-Jul-05,700,,30.07222222,17.11153939
05LARV0171,Pomacentridae,Stegastes,partitus,,37.5,26,7.5,2,8-Jul-05,1115,lt,8-Jul-05,700,,30.02888889,16.00962117
05LARV0172,Pomacentridae,Stegastes,partitus,,37.5,41,7.5,2,8-Jul-05,1115,lt,8-Jul-05,700,,30.04555556,16.87906529
05LARV0173,Pomacentridae,Stegastes,partitus,,36,10,4.5,2,8-Jul-05,1130,lt,8-Jul-05,700,,31.51851852,
05LARV0174,Pomacentridae,Stegastes,partitus,,36,33,4.5,2,8-Jul-05,1130,lt,8-Jul-05,700,,31.56111111,
05LARV0175,Pomacentridae,Stegastes,partitus,,36,14,4.5,2,8-Jul-05,1130,lt,8-Jul-05,700,,31.52592593,
05LARV0176,Pomacentridae,Stegastes,partitus,,36,100,4.5,2,8-Jul-05,1130,lt,8-Jul-05,700,,31.68518519,
05LARV0177,Pomacentridae,Stegastes,partitus,,36,107,4.5,2,8-Jul-05,1130,lt,8-Jul-05,700,,31.69814815,
05LARV0178,Pomacentridae,Stegastes,partitus,,40.5,5,4.5,2,8-Jul-05,1130,lt,8-Jul-05,700,,36.00925926,
05LARV0179,Pomacentridae,Stegastes,partitus,,37.5,4,4.5,2,8-Jul-05,1145,lt,8-Jul-05,700,,33.00740741,17.12257746
05LARV0180,Pomacentridae,Stegastes,partitus,,45,0,4.5,2,8-Jul-05,1145,lt,8-Jul-05,700,,40.5,17.78148148
05LARV0181,Pomacentridae,Stegastes,partitus,,37.5,21,4.5,2,8-Jul-05,1145,lt,8-Jul-05,700,,33.03888889,17.71639951
05LARV0182,Pomacentridae,Stegastes,partitus,,36,225,4.5,15,8-Jul-05,1200,lt,8-Jul-05,700,,31.91666667,
05LARV0183,Pomacentridae,Stegastes,partitus,,40.5,37,4.5,15,8-Jul-05,1200,lt,8-Jul-05,700,,36.06851852,
05LARV0184,Pomacentridae,Stegastes,partitus,,36,14,4.5,15,8-Jul-05,1200,lt,8-Jul-05,700,,31.52592593,
05LARV0185,Pomacentridae,Stegastes,partitus,,40.5,92,4.5,15,8-Jul-05,1200,lt,8-Jul-05,700,,36.17037037,
05LARV0186,Pomacentridae,Stegastes,partitus,,40.5,56,4.5,15,8-Jul-05,1200,lt,8-Jul-05,700,,36.1037037,
05LARV0187,Pomacentridae,Stegastes,partitus,,40.5,120,4.5,15,8-Jul-05,1200,lt,8-Jul-05,700,,36.22222222,
05LARV0236,Pomacentridae,Stegastes,partitus,,36,14,4.5,15,11-Jul-05,,,11-Jul-05,800,,31.52592593,
05LARV0237,Pomacentridae,Stegastes,partitus,,40.5,45,4.5,15,11-Jul-05,,,11-Jul-05,800,,36.08333333,
05LARV0227,Pomacentridae,Abudefduf,saxatilis,,36,49,4.5,2,11-Jul-05,,cn1,11-Jul-05,800,,31.59074074,15.32473851
05LARV0083,Pomacentridae,Abudefduf,saxatilis,,37.5,16,7.5,2,5-Jul-05,905,cn3,5-Jul-05,630,,30.01777778,16.0313253
05LARV0322,Pomacentridae,Abudefduf,saxatilis,,31.5,67,4.5,2,29-Jul-05,,cn3,,,,27.12407407,17.02598051
05LARV0326,Pomacentridae,Abudefduf,saxatilis,,31.5,22,4.5,2,30-Jul-05,,cn3,,,,27.04074074,16.17229634
03larv0001,Pomacentridae,Abudefduf,saxatilis,,23,2,3,2,,,liftnet,,,,20.02,13.3
03larv0002,Pomacentridae,Abudefduf,saxatilis,,27,278,4.4,2,,,liftnet,,,,26.67733333,14.7
03larv0003,Pomacentridae,Abudefduf,saxatilis,,59.4,19,6.8,2,,,liftnet,,,,53.03066667,22.6
03larv0004,Pomacentridae,Abudefduf,saxatilis,,51,299,4.6,2,,,liftnet,,,,50.98466667,15.3
03larv0005,Pomacentridae,Abudefduf,saxatilis,,40.2,70,4.4,2,,,liftnet,,,,36.82666667,14.6
03larv0006,Pomacentridae,Abudefduf,saxatilis,,41,72,4.5,2,,,liftnet,,,,37.58,14.9
03larv0014,Pomacentridae,Abudefduf,saxatilis,,43.4,4,4.8,2,,,liftnet,,,,38.76,16
03larv0015,Pomacentridae,Abudefduf,saxatilis,,24.2,32.6,4.8,2,,,liftnet,,,,20.704,16.6
03larv0016,Pomacentridae,Abudefduf,saxatilis,,23,9.9,4.5,2,,,liftnet,,,,18.87125,15.4
03larv0020,Pomacentridae,Abudefduf,saxatilis,,62.6,17.2,3.6,2,,,liftnet,,,,59.516,12
03larv0055,Pomacentridae,Abudefduf,saxatilis,,57,2.5,4,2,,,liftnet,,,,53.08333333,13.5
03larv0056,Pomacentridae,Abudefduf,saxatilis,,37,78.1,4,2,,,liftnet,,,,35.60333333,13
03larv0057,Pomacentridae,Abudefduf,saxatilis,,25,4.2,4,2,,,liftnet,,,,21.14,13.5
03larv0061,Pomacentridae,Abudefduf,saxatilis,,21,21.4,4,2,,,liftnet,,,,17.71333333,13.5
03larv0062,Pomacentridae,Abudefduf,saxatilis,,21,12.8,4,2,,,liftnet,,,,17.42666667,13.5
03larv0063,Pomacentridae,Abudefduf,saxatilis,,17,63.4,4,2,,,liftnet,,,,15.11333333,13
03larv0064,Pomacentridae,Abudefduf,saxatilis,,21,21.7,4,2,,,liftnet,,,,17.72333333,13.5
05LARV0067,Pomacentridae,Abudefduf,saxatilis,,30,30,7.5,2,3-Jul-05,1150,,3-Jul-05,7,,22.53333333,17.03764657
03larv0029,Scaridae,,Sp1,,8,40,3,2,,,liftnet,,,,6,9
03larv0007,Scorpaenidae,,Sp1,,17,25.1,3,2,,,liftnet,,,,14.6275,9.5
05LARV0014,Serranidae,Epinephelus,mystacinus,misty grouper,22.5,116,4.5,2,26-Jun-05,1620,cn2,26-Jun-05,9,,18.21481481,11.12926829
05LARV0015,Serranidae,Epinephelus,mystacinus,misty grouper,13.5,24,4.5,2,26-Jun-05,1620,cn2,26-Jun-05,9,no tail,9.044444444,8.368529021
05LARV0294,Serranidae,Epinephelus,mystacinus,,18,42,4.5,2,26-Jul-05,,cn3,,,,13.57777778,10.98646507
05LARV0295,Serranidae,Epinephelus,mystacinus,,18,52,4.5,2,26-Jul-05,,cn3,,,,13.5962963,10.12379479
05LARV0210,Serranidae,,Sp1,same as 211,12,0,1.5,2,10-Jul-05,,cn3,10-Jul-05,700,,10.5,8.464500602
05LARV0211,Serranidae,,Sp1,same as 210,15,0,1.5,2,10-Jul-05,,cn3,10-Jul-05,700,,13.5,9.543322636
05LARV0226,Serranidae,,Sp2,soapfish?,13.5,52,4.5,2,11-Jul-05,,cn1,11-Jul-05,800,,9.096296296,13.48150825
03larv0047,Serranidae,Epinephelus,SpA,,42.8,48.6,4.2,2,,,liftnet,,,,40.301,14
03larv0049,Serranidae,Epinephelus,SpA,,34.4,99.9,4.2,2,,,liftnet,,,,33.6965,14
04larv0003,Serranidae,Epinephelus,SpA,,33,119.99,3.9,2,,,liftnet,,,,29.35638889,13
04larv0007,Serranidae,Epinephelus,SpA,,63.8,65.97,4.2,2,,,liftnet,,,,59.73089286,14
05LARV0249,Sphyraenidae,Sphyraena,barracuda,,22.5,71,4.5,2,12-Jul-05,,cn1,12-Jul-05,600,,18.13148148,17.22937989
05LARV0147,Sphyraenidae,Sphyraena,barracuda,,18,79,4.5,2,7-Jul-05,1000,cn2,7-Jul-05,700,,13.6462963,17.45640409
05LARV0148,Sphyraenidae,Sphyraena,barracuda,,22.5,0,4.5,2,7-Jul-05,1000,cn2,7-Jul-05,700,,18,15.66334494
05LARV0301,Sphyraenidae,Sphyraena,barracuda,,22.5,73,4.5,2,26-Jul-05,,cn3,,,,18.13518519,19.25189736
05LARV0035,Sphyraenidae,Sphyraena,barracuda,,22.5,41,7.5,2,2-Jul-05,1030,,2-Jul-05,7,,15.04555556,22.67372824
05LARV0052,Sphyraenidae,Sphyraena,barracuda,,22.5,115,4.5,2,2-Jul-05,1305,,2-Jul-05,7,,18.21296296,
05LARV0053,Sphyraenidae,Sphyraena,barracuda,,22.5,120,4.5,2,2-Jul-05,1305,,2-Jul-05,7,,18.22222222,19.94058622
05LARV0069,Sphyraenidae,Sphyraena,barracuda,,27,33,4.5,2,3-Jul-05,1205,,3-Jul-05,7,,22.56111111,18.4328409
05LARV0070,Sphyraenidae,Sphyraena,barracuda,,27,10,4.5,2,3-Jul-05,1205,,3-Jul-05,7,,22.51851852,18.83682809
05LARV0071,Sphyraenidae,Sphyraena,barracuda,,27,76,4.5,2,3-Jul-05,1205,,3-Jul-05,7,,22.64074074,
05LARV0100,Sphyraenidae,Sphyraena,barracuda,,22.5,90,7.5,2,5-Jul-05,1056,,5-Jul-05,630,,15.1,17.46589156
05LARV0250,Syngnathidae,Cosmocampus,elucens,,1.5,30,1.5,2,12-Jul-05,,cn1,12-Jul-05,600,,0.166666667,43.8097475
05LARV0251,Syngnathidae,Cosmocampus,elucens,,7.5,38,1.5,2,12-Jul-05,,cn1,12-Jul-05,600,,6.211111111,42.68087698
05LARV0252,Syngnathidae,Cosmocampus,elucens,,1.5,62,1.5,2,12-Jul-05,,cn1,12-Jul-05,600,,0.344444444,
05LARV0292,Syngnathidae,Cosmocampus,elucens,,9,0,1.5,2,24-Jul-05,,cn1,,,,7.5,23.29208269
05LARV0327,Syngnathidae,Cosmocampus,elucens,,6,14,1.5,2,30-Jul-05,,cn1,,,,4.577777778,24.31285714
05LARV0328,Syngnathidae,Cosmocampus,elucens,,6,60,1.5,2,30-Jul-05,,cn1,,,,4.833333333,24.09227253
05LARV0329,Syngnathidae,Cosmocampus,elucens,,6,17,1.5,2,30-Jul-05,,cn3,,,,4.594444444,24.35937723
05LARV0289,Tetraodontidae,Canthigaster,rostrata,,22.5,75,4.5,2,24-Jul-05,,cn2,,,,18.13888889,17.95135135
05LARV0290,Tetraodontidae,Canthigaster,rostrata,,30,27,4.5,2,24-Jul-05,,cn2,,,,25.55,19.40605051
05LARV0090,Tetraodontidae,Canthigaster,rostrata,,18,110,4.5,2,5-Jul-05,1015,cn3,5-Jul-05,630,,13.7037037,17.41303819
05LARV0300,Tetraodontidae,Canthigaster,rostrata,,27,65,4.5,2,26-Jul-05,,cn3,,,,22.62037037,18.67221892
05LARV0246,Tetraodontidae,Sphoeroides,SpA,,28.5,100,1.5,2,12-Jul-05,,cn2,12-Jul-05,600,,27.55555556,13.97320341
05LARV0314,Tetraodontidae,Sphoeroides,SpA,,18,4,4.5,2,27-Jul-05,,cn2,,,,13.50740741,8.816609811
05LARV0315,Tetraodontidae,Sphoeroides,SpA,,22.5,30,4.5,2,27-Jul-05,,cn2,,,,18.05555556,11.70357143
05LARV0316,Tetraodontidae,Sphoeroides,SpA,,22.5,25,4.5,2,27-Jul-05,,cn2,,,,18.0462963,9.931403325
05LARV0163,Tetraodontidae,Sphoeroides,SpA,,12,110,1.5,2,8-Jul-05,1015,,8-Jul-05,700,,11.11111111,6.87625
05LARV0118,Tetraodontidae,Sphoeroides,testudineus,,22.5,96,4.5,2,6-Jul-05,1020,cn2,6-Jul-05,700,,18.17777778,16.90532033
05LARV0092,Tetraodontidae,Sphoeroides,testudineus,,27,17,4.5,2,5-Jul-05,1015,cn3,5-Jul-05,630,,22.53148148,29.12069381
05LARV0119,Tetraodontidae,Sphoeroides,testudineus,,22.5,112,4.5,2,6-Jul-05,1020,cn3,6-Jul-05,700,,18.20740741,20.95220678
05LARV0120,Tetraodontidae,Sphoeroides,testudineus,,27,67,4.5,2,6-Jul-05,1020,cn3,6-Jul-05,700,,22.62407407,18.09001233
05LARV0248,,,,long skinny,18,55,4.5,2,12-Jul-05,,cn1,12-Jul-05,600,,13.60185185,26.89037759
