species_id,fish_id,ucrit,trap,date,sampling gear,notes
acabah,05LARV0144,30.09666667,cn2,7/07/2005,crest net,
acabah,05LARV0240,31.56666667,cn3,12/07/2005,crest net,a
acabah,05LARV0265,42.01031746,cn1,13/07/2005,crest net,a
acabah,05LARV0280,31.52142857,cn3,14/07/2005,crest net,a
acabah,05LARV0323,42,cn2,,crest net,
acabah,tci03nov19d,42.75,hdl,19/11/2003,light trap,
acabah,tci03nov19e,43.0875,hdl,19/11/2003,light trap,
acabah,tci03nov19g,44.83125,hdl,19/11/2003,light trap,
acabah,tci03nov19h,49.89375,hdl,19/11/2003,light trap,
acabah,tci03nov19i,47.53125,hdl,19/11/2003,light trap,
acabah,tci03nov19j,48.43125,hdl,19/11/2003,light trap,
acabah,tci03nov19k,42.4375,hdl,19/11/2003,light trap,
acabah,tci03nov1a,78.01875,grotto,1/11/2003,light trap,
acabah,tci03nov21c,44.93125,hdl,21/11/2003,light trap,
acabah,tci03nov21f,52.85,hdl,21/11/2003,light trap,
acabah,tci03nov21g,59.45625,hdl,21/11/2003,light trap,
acabah,tci03nov21h,47.25,hdl,21/11/2003,light trap,
acabah,tci03nov21i,52.85,hdl,21/11/2003,light trap,
acabah,tci03nov21j,47.25,hdl,21/11/2003,light trap,
acabah,tci03nov21k,43.96875,hdl,21/11/2003,light trap,
acabah,tci03nov22a,47.25,hdl,22/11/2003,light trap,
acabah,tci03nov22d,57.2625,hdl,22/11/2003,light trap,
acabah,tci03nov22h,43.25625,hdl,22/11/2003,light trap,
acabah,tci03nov22j,59.5125,hdl,22/11/2003,light trap,
acabah,tci03nov22k,48.2625,hdl,22/11/2003,light trap,
acabah,05LARV0026,31.56111111,cn2,26/06/2005,crest net,
acabah,05LARV0027,42,cn2,26/06/2005,crest net,i
acabah,05LARV0028,42.01349206,cn2,26/06/2005,crest net,
acabah,05LARV0044,31.52460317,ltCalab,2/07/2005,light trap,
acabah,05LARV0045,31.53968254,ltCalab,2/07/2005,light trap,
acabah,05LARV0003,43.4162066,ltCalab,9/06/2005,light trap,ectoparasite
acachi,tci03nov19l,51.625,hdl,19/11/2003,light trap,
acachi,tci03nov21d,52.9375,hdl,21/11/2003,light trap,
acachi,tci03nov22c,47.75625,hdl,22/11/2003,light trap,
acachi,tci03nov22f,48.9375,hdl,22/11/2003,light trap,
acachi,tci03nov22i,45.3375,hdl,22/11/2003,light trap,
acachi,tci03nov23b,40.5,hdl,23/11/2003,light trap,
acachi,05LARV0057,42.00753968,ltCalab,3/07/2005,light trap,
acacoe,05LARV0077,42.05873016,cn3,5/07/2005,crest net,
acacoe,05LARV0078,42.01587302,cn3,5/07/2005,crest net,
acacoe,05LARV0145,52.52666667,cn2,7/07/2005,crest net,
acacoe,05LARV0218,31.53333333,ltCalab,11/07/2005,light trap,I
acacoe,tci03nov19b,47.5875,hdl,19/11/2003,light trap,
acacoe,tci03nov19f,37.74375,hdl,19/11/2003,light trap,
acacoe,tci03nov19n,35.0875,hdl,19/11/2003,light trap,
acacoe,tci03nov21l,46.68125,hdl,21/11/2003,light trap,
acacoe,tci03nov21p,49.875,hdl,21/11/2003,light trap,
acacoe,tci03nov23c,47.325,hdl,23/11/2003,light trap,
acacoe,tci03nov23d,63.50625,hdl,23/11/2003,light trap,
acacoe,tci03nov23h,58.44375,hdl,23/11/2003,light trap,
acLIa,24/11/00j34,55.48125,bottom,24/11/2000,light trap,
acLIa,24/11/00j35,66.825,bottom,24/11/2000,light trap,
acLIb,17/11/01j37,58.945,liv,17/11/2001,light trap,
acLIb,29/11/00j31,64.14375,jeff,29/11/2000,light trap,
anHsp1,05LARV0093,1.9,cn3,5/07/2005,crest net,
anHsp2,05LARV0285,13.53888889,cn1,14/07/2005,crest net,
anHsp2,05LARV0291,3.238888889,cn2,,crest net,
apacya,20/12/00j16,8.925,mark,20/12/2000,light trap,
apacya,20/12/00j18,11.73375,mark,20/12/2000,light trap,
apacya,29/11/01j37,5.465,sunb,29/11/2001,light trap,
apacya,JML03/31.12.1,9.63,JML03,31/12/2003,light trap,
apacya,JML03/31.12.2,26.31,JML03,31/12/2003,light trap,
apacya,JML03/31.12.3,14.8,JML03,31/12/2003,light trap,
apacya,JML03/31.12.4,21.16,JML03,31/12/2003,light trap,
apacya,JML03/31.12.5,25.92,JML03,31/12/2003,light trap,
apacya,JML03/31.12.6,9.63,JML03,31/12/2003,light trap,
apacya,JML03/1.1.3,17.58,JML03,1/01/2004,light trap,
apacya,JML03/1.1.4,17.58,JML03,1/01/2004,light trap,
apacya,12/12/01j20,13.1,sunb,12/12/2001,light trap,
apacya,JML03/1.1.5,16.38,JML03,1/01/2004,light trap,
apacya,JML03/1.1.6,13.6,JML03,1/01/2004,light trap,
apamac,05LARV0082,22.59444444,cn3,5/07/2005,crest net,
apamac,05LARV0189,22.56333333,cn1,9/07/2005,crest net,a
apamac,05LARV0228,22.52111111,cn1,11/07/2005,crest net,
apamac,05LARV0229,22.56555556,cn1,11/07/2005,crest net,I
apamac,05LARV0029,22.51648148,cn2,26/06/2005,crest net,b
apamac,05LARV0031,18.20740741,cn2,26/06/2005,crest net,t
apamac,05LARV0038,13.6462963,ltCalab,2/07/2005,light trap,
apamac,05LARV0066,22.56666667,ltCalab,3/07/2005,light trap,
apapla,05LARV0087,22.61666667,cn3,5/07/2005,crest net,
apapla,05LARV0230,22.50666667,cn1,11/07/2005,crest net,
apapla,05LARV0005,15.01316667,cn2,22/06/2005,crest net,t
apapun,05LARV0134,22.65185185,ltCalab,6/07/2005,light trap,sample lost
apapun,05LARV0135,18.48703704,ltCalab,6/07/2005,light trap,
apapun,05LARV0136,18.57777778,ltCalab,6/07/2005,light trap,
apapun,05LARV0149,22.61111111,cn1,7/07/2005,crest net,
apapun,05LARV0195,18.85925926,ltCalab,9/07/2005,light trap,
apapun,05LARV0207,9.111111111,cn3,10/07/2005,crest net,b
apapun,05LARV0208,9.203703704,cn3,10/07/2005,crest net,t
apapun,05LARV0209,9,cn3,10/07/2005,crest net,t
apapun,05LARV0212,18.12777778,cn3,10/07/2005,crest net,b
apapun,05LARV0234,22.55555556,ltCalab,11/07/2005,light trap,
apapun,05LARV0238,22.89444444,ltCalab,11/07/2005,light trap,
apapun,05LARV0022,22.67592593,cn2,26/06/2005,crest net,b
apapun,05LARV0047,18.17777778,ltCalab,2/07/2005,light trap,
apapun,05LARV0048,22.57037037,ltCalab,2/07/2005,light trap,a
apapun,05LARV0010,19.15059524,cn2,22/06/2005,crest net,i
apapun,05LARV0020,22.50555556,cn2,26/06/2005,crest net,i
apapun,05LARV0021,18.17592593,cn2,26/06/2005,crest net,
apaqua,05LARV0205,22.53555556,cn3,10/07/2005,crest net,I
apaqua,05LARV0231,15.03888889,cn1,11/07/2005,crest net,
apaqua,05LARV0232,22.57444444,cn1,11/07/2005,crest net,
apaqua,05LARV0233,30.02,cn1,11/07/2005,crest net,
apaqua,05LARV0256,22.61333333,cn1,12/07/2005,crest net,
apaqua,05LARV0257,22.60333333,cn1,12/07/2005,crest net,
apaqua,05LARV0258,22.57555556,cn1,12/07/2005,crest net,
apaqua,05LARV0259,22.50555556,cn2,12/07/2005,crest net,
apaqua,05LARV0260,15.2,cn1,12/07/2005,crest net,
apaqua,05LARV0261,22.58222222,cn1,12/07/2005,crest net,
apaqua,05LARV0270,22.55,cn1,13/07/2005,crest net,
apaqua,05LARV0274,22.51111111,cn1,13/07/2005,crest net,
apaqua,05LARV0276,22.54444444,cn1,13/07/2005,crest net,
apaqua,05LARV0278,22.67333333,cn1,13/07/2005,crest net,
apaqua,05LARV0284,22.52222222,cn2,14/07/2005,crest net,I
apaqua,05LARV0036,22.53111111,ltCalab,2/07/2005,light trap,
apaqua,05LARV0046,22.62037037,ltCalab,2/07/2005,light trap,
apaqua,05LARV0061,22.55777778,ltCalab,3/07/2005,light trap,
apaqua,05LARV0007,19.18690476,cn2,22/06/2005,crest net,g
apaqua,05LARV0009,1.023809524,cn2,22/06/2005,crest net,I
apaqua,05LARV0011,5.566666667,cn2,22/06/2005,crest net,i
apatri,JML03/17.12.15,23.93,JML03,17/12/2003,light trap,
apatri,JML03/17.12.18,20.36,JML03,17/12/2003,light trap,
apatri,JML03/19.12.2,10.03,JML03,19/12/2003,light trap,
apatri,JML03/19.12.5,39.82,JML03,19/12/2003,light trap,
apatri,JML03/19.12.8,14.8,JML03,19/12/2003,light trap,
apatri,12/12/01j14,30.95,sunb,12/12/2001,light trap,
apatri,14/12/01j34,21.742,top1,14/12/2001,light trap,
apatri,17/11/01j24,24.6835,liv,17/11/2001,light trap,
apatri,18/11/01j28,32.348,liv,18/11/2001,light trap,
apHuknown,05LARV0088,18,cn3,5/07/2005,crest net,
apHuknown,05LARV0096,,ltCalab,5/07/2005,light trap,
apHuknown,05LARV0097,18.19259259,ltCalab,5/07/2005,light trap,
apHuknown,05LARV0098,22.55,ltCalab,5/07/2005,light trap,
apHuknown,05LARV0140,22.56333333,cn1,7/07/2005,crest net,
apHuknown,05LARV0161,22.54111111,cn3,8/07/2005,crest net,
apHuknown,05LARV0190,22.56333333,cn1,9/07/2005,crest net,
apHuknown,05LARV0030,13.66111111,cn2,26/06/2005,crest net,t
apHuknown,05LARV0040,22.51111111,ltCalab,2/07/2005,light trap,gts 22.5
apHuknown,05LARV0062,22.5,ltCalab,3/07/2005,light trap,b
apHuknown,05LARV0072,13.60925926,ltCalab,4/07/2005,light trap,
apHuknown,05LARV0006,32.61533333,cn2,22/06/2005,crest net,b
apHuknown,05LARV0008,23.56133333,cn2,22/06/2005,crest net,b
apLI11,20/12/00j12,21.65625,mark,20/12/2000,light trap,
apLI11,JML03/15.12.20,22.73,JML03,15/12/2003,light trap,
apLI11,14/12/00j28,21.7875,mark,14/12/2000,light trap,
apLI11,15/12/00j6,21.7875,mark,15/12/2000,light trap,
apLI11,15/12/00j8,16.45875,mark,15/12/2000,light trap,
apLI11,16/12/01j28,12.037,liv,16/12/2001,light trap,
apLI11,17/11/01j11,21.398,top1,17/11/2001,light trap,
apLI11,17/11/01j21,18.966,top1,17/11/2001,light trap,
apLI11,17/11/01j25,20.961,top1,17/11/2001,light trap,
apLI12,21/11/00j13,26.355,top,21/11/2000,light trap,
apLI12,29/11/01j3,26.2,sunb,29/11/2001,light trap,
apLI12,JML03/15.12.24,31.08,JML03,15/12/2003,light trap,
apLI12,17/11/01j10,26.2,liv,17/11/2001,light trap,
apLI12,17/11/01j30,24.8955,liv,17/11/2001,light trap,
apLI12,17/11/01j31,24.551,liv,17/11/2001,light trap,
apLI12,29/11/00j28,44.95,jeff,29/11/2000,light trap,
apLI16,6/12/01j18,21.848,sunb,6/12/2001,light trap,
apLI16,6/12/01j3,8.507,sunb,6/12/2001,light trap,
apLI16,JML03/18.12.11,21.16,JML03,18/12/2003,light trap,
apLI16,14/12/01j19,22.5635,sunb,14/12/2001,light trap,
apLI16,14/12/01j21,27.3925,top2,14/12/2001,light trap,
apLI16,17/11/01j20,12.787,liv,17/11/2001,light trap,
apLI16,17/11/01j42,17.2985,liv,17/11/2001,light trap,
apLI16,19/11/01j34,13.955,liv,19/11/2001,light trap,
apLI18,6/12/01j20,18.8005,sunb,6/12/2001,light trap,
apLI18,6/12/01j21,26.5975,sunb,6/12/2001,light trap,
apLI18,6/12/01j28,37.5,sunb,6/12/2001,light trap,
apLI18,6/12/01j30,17.584,sunb,6/12/2001,light trap,
apLI18,6/12/01j38,11.827,sunb,6/12/2001,light trap,
apLI18,JML03/18.12.9,35.06,JML03,18/12/2003,light trap,
apLI18,14/12/01j28,16.283,sunb,14/12/2001,light trap,
apLI18,14/12/01j4,39.509,sunb,14/12/2001,light trap,
apLI18,16/12/01j37,11.772,sunb,16/12/2001,light trap,
apLI18,16/12/01j41,14.0245,sunb,16/12/2001,light trap,
apLI18,17/11/01j40,22.166,liv,17/11/2001,light trap,
apLI18,19/11/01j29,15,liv,19/11/2001,light trap,
apLI9,19/12/00j27,21.70875,mark,19/12/2000,light trap,
apLI9,20/12/00j10,15.75,mark,20/12/2000,light trap,
apLI9,20/12/00j23,18.82125,mark,20/12/2000,light trap,
apLI9,20/12/00j4,16.82625,mark,20/12/2000,light trap,
apLI9,9/12/00j24,21.49875,mark,9/12/2000,light trap,
apLI9,JML03/20.12.5,16.78,JML03,20/12/2003,light trap,
apLI9,JML03/15.12.18,27.51,JML03,15/12/2003,light trap,
apLI9,JML03/15.12.26,13.21,JML03,15/12/2003,light trap,
apLI9,JML03/15.12.28,14.8,JML03,15/12/2003,light trap,
apLI9,JML03/18.12.7,26.71,JML03,18/12/2003,light trap,
apLI9,JML03/20.12.3,10.02,JML03,20/12/2003,light trap,
apLI9,JML03/20.12.6,29.09,JML03,20/12/2003,light trap,
apLI9,15/12/00j18,21,mark,15/12/2000,light trap,
apLI9,15/12/00j4,24.75375,mark,15/12/2000,light trap,
apLIb,19/12/00j25,5.85375,mark,19/12/2000,light trap,
apLIb,10/12/01j33,15,sunb,10/12/2001,light trap,
apLIb,10/12/01j6,15.893,bott1,10/12/2001,light trap,
apLIb,12/12/01j31,22.5,bott1,12/12/2001,light trap,
apLIb,12/12/01j41,14.05,bott1,12/12/2001,light trap,
apLIb,12/12/01j9,19.251,bott1,12/12/2001,light trap,
apLIb,14/12/01j12,21,bott1,14/12/2001,light trap,
apLIf,20/12/01j16,22.431,sunb,20/12/2001,light trap,
apLIf,21/12/01j25,28.537,top1,21/12/2001,light trap,
apLIf,21/12/01j5,29.202,top1,21/12/2001,light trap,
apLIh,19/12/00j11,10.89375,mark,19/12/2000,light trap,
apLIh,20/12/00j14,13.125,mark,20/12/2000,light trap,
apLIh,29/11/01j29,16.548,sunb,29/11/2001,light trap,
apLIh,19/11/01j42,12.055,liv,19/11/2001,light trap,
apLIk,20/12/01j15,34.256,top1,20/12/2001,light trap,
apLIk,22/12/00j18,20.79,mark,22/12/2000,light trap,
apLIk,29/11/01j25,9.1485,sunb,29/11/2001,light trap,
apLIk,29/11/01j30,32.242,sunb,29/11/2001,light trap,
apLIk,14/12/00j23,24.15,mark,14/12/2000,light trap,
apLIk,15/12/00j9,32.8125,mark,15/12/2000,light trap,
apLIm,11/12/01j39,41.724,sunb,11/12/2001,light trap,
apLIm,17/11/01j39,42.9845,liv,17/11/2001,light trap,
apLIm,27/12/01j4,18.985,sunb,27/12/2001,light trap,
apLIm,28/11/01j20,16.23,sunb,28/11/2001,light trap,
apLIu,29/11/01j7,21.53,sunb,29/11/2001,light trap,
apLIu,6/12/01j15,16.76,sunb,6/12/2001,light trap,
apLIu,6/12/01j34,8.583,sunb,6/12/2001,light trap,
apLIu,6/12/01j36,15.8,sunb,6/12/2001,light trap,
apLIu,12/12/01j10,8.526,sunb,12/12/2001,light trap,
apLIu,19/11/01j20,11.3,liv,19/11/2001,light trap,
apppig,tci03nov22n,14.4375,hdl,22/11/2003,light trap,
apppig,tci03nov2a,25.15625,grotto,2/11/2003,light trap,
apppig,tci03oct31a,31.0625,grotto,31/10/2003,light trap,
apsnem,snemjcuB1,9.334,reared,,rearing,
apsnem,snemjcuB2,15.348,reared,,rearing,
apsnem,snemjcuB3,8.147,reared,,rearing,
baHsp1,05LARV0296,13.56851852,cn3,,crest net,
baHsp1,05LARV0297,13.69814815,cn3,,crest net,
baHsp1,05LARV0298,13.59074074,cn3,,crest net,
baHsp1,05LARV0299,9.166666667,cn3,,crest net,
baLIa,24/11/00j31,51.48,top,24/11/2000,light trap,
blesti,19/12/01j18,2.703,sunb,19/12/2001,light trap,
blesti,19/12/01j25,10.5,sunb,19/12/2001,light trap,
blesti,21/11/00j9,0.315,top,21/11/2000,light trap,
blesti,16/12/01j33,11.083,sunb,16/12/2001,light trap,
blesti,16/12/01j39,2.7295,sunb,16/12/2001,light trap,
bloatl,05LARV0075,6.144444444,ltCalab,4/07/2005,light trap,b
blplup,20/11/01j28,41.3,top1,20/11/2001,light trap,
blplup,14/11/01j6,14.86,liv,14/11/2001,light trap,
blplup,19/11/01j25,45,bott2,19/11/2001,light trap,
blplup,19/11/01j39,37.5,bott2,19/11/2001,light trap,
caHsp1,05LARV0282,22.55222222,cn3,14/07/2005,crest net,
caHsp1,05LARV0037,30.03777778,ltCalab,2/07/2005,light trap,
caHsp2,05LARV0293,22.57592593,cn3,,crest net,
caHsp2,05LARV0317,22.50222222,cn2,,crest net,b
caHsp2,05LARV0318,15.03555556,cn2,,crest net,
caHsp2,05LARV0325,13.52777778,cn1,,crest net,b
caHsp2,05LARV0330,18.04074074,cn1,,crest net,t
caLIa,22/11/00j30,50.325,bottom,22/11/2000,light trap,
caLIa,3/01/01j6,74,mark,3/01/2001,light trap,
caLIa,17/11/01j23,59.111,top1,17/11/2001,light trap,
caLIa,26/11/00j30,84.43875,middle,26/11/2000,light trap,
caLIa,26/12/00j16,66,top,26/12/2000,light trap,
caLIa,26/12/00j19,66,middle,26/12/2000,light trap,
caLIa,26/12/00j24,92.68875,top,26/12/2000,light trap,
caLIa,26/12/00j26,78.4575,middle,26/12/2000,light trap,
caLIa,26/12/00j9,70.125,top,26/12/2000,light trap,
chcaure,JML03/21.12.1,62.47,JML03,21/12/2003,light trap,max
chcaure,JML03/22.12.4,53.32,JML03,22/12/2003,light trap,
chcaure,JML03/30.12.5,46.57,JML03,30/12/2003,light trap,
chcaure,JML03/30.12.7,43.79,JML03,30/12/2003,light trap,
chcauri,23/11/01j38,26.6505,sunb,23/11/2001,light trap,
chcauri,6/12/01j32,52.638,sunb,6/12/2001,light trap,
chcauri,10/12/01j11,45.6,sunb,10/12/2001,light trap,
chccap,05LARV0106,30.03666667,ltCalab,6/07/2005,light trap,
chccap,05LARV0107,30.03333333,ltCalab,6/07/2005,light trap,
chccap,05LARV0108,30.09555556,ltCalab,6/07/2005,light trap,b
chccap,05LARV0109,30.06333333,ltCalab,6/07/2005,light trap,
chccap,05LARV0110,30.02666667,ltCalab,6/07/2005,light trap,
chccap,05LARV0111,30.03111111,ltCalab,6/07/2005,light trap,
chccap,05LARV0112,30.05,ltCalab,6/07/2005,light trap,
chccap,05LARV0113,30.07333333,ltCalab,6/07/2005,light trap,
chccap,05LARV0114,37.53222222,ltCalab,6/07/2005,light trap,
chccap,05LARV0117,31.57592593,ltCalab,6/07/2005,light trap,
chccap,05LARV0130,37.51666667,cn1,6/07/2005,crest net,a
chccap,05LARV0198,30.12777778,cn2,10/07/2005,crest net,
chccap,05LARV0199,30.12111111,cn2,10/07/2005,crest net,a
chccap,05LARV0200,37.52777778,cn2,10/07/2005,crest net,
chccap,05LARV0201,30.11222222,cn3,10/07/2005,crest net,
chccap,05LARV0202,30.10222222,cn1,10/07/2005,crest net,a
chccap,05LARV0203,37.54888889,cn1,10/07/2005,crest net,
chccap,05LARV0219,30.04444444,ltCalab,11/07/2005,light trap,a
chccap,05LARV0220,30.03111111,ltCalab,11/07/2005,light trap,a
chccap,05LARV0221,30.02777778,ltCalab,11/07/2005,light trap,a
chccap,05LARV0222,30.04888889,ltCalab,11/07/2005,light trap,
chccap,05LARV0223,30.04888889,ltCalab,11/07/2005,light trap,a
chccap,05LARV0224,30.04,ltCalab,11/07/2005,light trap,a
chccap,05LARV0242,30.04,cn3,12/07/2005,crest net,a
chccap,05LARV0243,30.00888889,cn3,12/07/2005,crest net,a
chccap,05LARV0253,30.77,cn2,12/07/2005,crest net,
chccap,05LARV0254,30.05666667,cn2,12/07/2005,crest net,
chccap,05LARV0255,30.03333333,cn2,12/07/2005,crest net,
chccap,05LARV0262,30.7,cn2,12/07/2005,crest net,
chccap,05LARV0263,30.09555556,cn2,12/07/2005,crest net,
chccap,05LARV0264,37.53777778,cn2,12/07/2005,crest net,
chccap,05LARV0275,30.07555556,cn1,13/07/2005,crest net,
chccap,05LARV0277,30.13777778,cn1,13/07/2005,crest net,
chccap,05LARV0279,30.17555556,cn1,13/07/2005,crest net,
chccap,05LARV0283,22.56111111,cn2,14/07/2005,crest net,
chcmel,15/12/00j30,9.9,mark,15/12/2000,light trap,
chcple,JML03/19.12.3,62.47,JML03,19/12/2003,light trap,max
chcple,JML03/19.12.6,62.47,JML03,19/12/2003,light trap,max
chcple,JML03/22.12.1,62.47,JML03,22/12/2003,light trap,max
chcple,JML03/30.12.1,48.16,JML03,30/12/2003,light trap,
chcple,JML03/30.12.13,42.6,JML03,30/12/2003,light trap,
chcple,JML03/30.12.15,61.27,JML03,30/12/2003,light trap,
chcple,JML03/30.12.17,62.47,JML03,30/12/2003,light trap,max
chcple,JML03/30.12.23,49.76,JML03,30/12/2003,light trap,
chcple,JML03/30.12.3,50.55,JML03,30/12/2003,light trap,
chcple,JML03/30.12.9,62.47,JML03,30/12/2003,light trap,max
chcple,27/11/01j12,28.428,sunb,27/11/2001,light trap,
chcrai,JML03/17.12.1,34.66,JML03,17/12/2003,light trap,
chcrai,JML03/17.12.3,48.17,JML03,17/12/2003,light trap,
chcrai,JML03/21.12.5,35.03,JML03,21/12/2003,light trap,
chcrai,JML03/21.12.6,42.19,JML03,21/12/2003,light trap,
chcrai,JML03/22.12.9,46.58,JML03,22/12/2003,light trap,
chcrai,JML03/30.12.11,56.9,JML03,30/12/2003,light trap,
chcrai,JML03/30.12.19,46.97,JML03,30/12/2003,light trap,
chcrai,JML03/30.12.21,51.74,JML03,30/12/2003,light trap,
chcrai,JML03/30.12.24,62.47,JML03,30/12/2003,light trap,max
chctri,JML03/19.12.9,62.47,JML03,19/12/2003,light trap,max
chLIb,18/11/01j14,41.449,liv,18/11/2001,light trap,
cnHsp1,05LARV0160,15,cn2,8/07/2005,crest net,
dicant,05LARV0013,6.666666667,cn2,26/06/2005,crest net,t
elon,tci03nov19m,31.28125,hdl,19/11/2003,light trap,
elon,tci03nov19o,29.26875,hdl,19/11/2003,light trap,
elon,tci03nov1b,41.175,grotto,1/11/2003,light trap,
elon,tci03nov1c,39.76875,grotto,1/11/2003,light trap,
elon,tci03nov1d,35.15625,grotto,1/11/2003,light trap,
elon,tci03nov2b,23.4375,grotto,2/11/2003,light trap,
elon,tci03nov2c,26.875,grotto,2/11/2003,light trap,
geHsp1,05LARV0150,27.1537037,cn1,7/07/2005,crest net,
geHsp1,05LARV0151,27.13888889,cn1,7/07/2005,crest net,
geHsp1,05LARV0152,27.11111111,cn1,7/07/2005,crest net,
geHsp1,05LARV0153,27.06296296,cn1,7/07/2005,crest net,
geHsp1,05LARV0154,27.07592593,cn1,7/07/2005,crest net,
geHsp1,05LARV0196,27.05740741,ltCalab,9/07/2005,light trap,
geHsp1,05LARV0197,27.13888889,ltCalab,9/07/2005,light trap,
geHsp1,05LARV0216,18.37962963,ltCalab,10/07/2005,light trap,
geHsp1,05LARV0217,18.43518519,ltCalab,10/07/2005,light trap,
geHsp1,05LARV0235,27.03148148,ltCalab,11/07/2005,light trap,
geHsp1,05LARV0239,22.92592593,ltCalab,11/07/2005,light trap,
geHsp1,05LARV0271,22.58148148,cn1,13/07/2005,crest net,
geHsp1,05LARV0272,22.68703704,cn1,13/07/2005,crest net,
geHsp1,05LARV0273,27,cn1,13/07/2005,crest net,
geHsp1,05LARV0054,27.0037037,ltCalab,2/07/2005,light trap,t
geHsp1,05LARV0055,27.00925926,ltCalab,2/07/2005,light trap,t
geHsp1,05LARV0056,27.09259259,ltCalab,2/07/2005,light trap,t
hahfla,05LARV0225,40.55,cn1,11/07/2005,crest net,
hahfla,05LARV0324,27.14259259,cn2,,crest net,a
hoLIa,2/01/01j19,100.815,mark,2/01/2001,light trap,
hoscor,05LARV0105,63.01428571,ltCalab,6/07/2005,light trap,
hoscor,05LARV0156,90.5952381,ltCalab,8/07/2005,light trap,outswam chamber gts 63
hoscor,tci03nov22b,64.85625,hdl,22/11/2003,light trap,
hoscor,tci03nov22e,65.75625,hdl,22/11/2003,light trap,
hoscor,tci03nov22g,74.25,hdl,22/11/2003,light trap,
hoscor,tci03nov22l,66.9375,hdl,22/11/2003,light trap,
hoscor,tci03nov23e,66.6,hdl,23/11/2003,light trap,
hoscor,tci03nov23f,72.39375,hdl,23/11/2003,light trap,
hoscor,tci03nov23g,70.93125,hdl,23/11/2003,light trap,
hoscor,tci03nov23i,68.625,hdl,23/11/2003,light trap,
hoscor,tci03nov26a,81,hdl,26/11/2003,light trap,
hoscor,tci03nov27a,77.68125,hdl,27/11/2003,light trap,
hoscor,tci03nov27b,67.275,hdl,27/11/2003,light trap,
hoscor,tci03nov27c,74.25,hdl,27/11/2003,light trap,
hoscor,tci03nov28a,81,plane,28/11/2003,light trap,
hoscor,tci03nov28b,79.03125,plane,28/11/2003,light trap,
hoscor,tci03nov28c,73.6875,plane,28/11/2003,light trap,
hoscor,tci03nov28d,78.80625,plane,28/11/2003,light trap,
hoscor,tci03nov28e,54.675,plane,28/11/2003,light trap,
hoscor,tci03nov28f,70.14375,plane,28/11/2003,light trap,
hoscor,tci03nov28g,69.58125,plane,28/11/2003,light trap,
hoscor,tci03oct25i,80.24375,grotto,25/10/2003,light trap,max
hoscor,tci03oct29a,80.55,grotto,29/10/2003,light trap,
hosvex,tci03nov21a,83.9,hdl,21/11/2003,light trap,max
hosvex,tci03oct25a,83.9,grotto,25/10/2003,light trap,max
hosvex,tci03oct25b,83.9,grotto,25/10/2003,light trap,max
hosvex,tci03oct25c,80.15625,grotto,25/10/2003,light trap,
lacpar,05LARV0331,27.09444444,reef,,scuba,
lacpar,05LARV0332,27.1037037,reef,,scuba,
lacpar,05LARV0333,27.11111111,reef,,scuba,
lacpar,05LARV0334,27.16111111,reef,,scuba,
lacpar,05LARV0335,31.50555556,reef,,scuba,
lacpar,05LARV0336,27.17037037,reef,,scuba,
lelsp,20/11/01j18,27.107,liv,20/11/2001,light trap,
lelsp,20/11/01j20,47.342,liv,20/11/2001,light trap,
lelsp,20/12/01j27,34.909,sunb,20/12/2001,light trap,
lelsp,20/12/01j30,43.607,sunb,20/12/2001,light trap,
lelsp,21/11/00j15,37.40625,top,21/11/2000,light trap,
lelsp,22/12/01j38,79.7195,sunb,22/12/2001,light trap,
lelsp,23/11/01j39,33.913,sunb,23/11/2001,light trap,
lelsp,29/11/01j31,32.3745,sunb,29/11/2001,light trap,
lelsp,29/11/01j39,26.942,sunb,29/11/2001,light trap,
lelsp,JML03/18.12.4,41.8,JML03,18/12/2003,light trap,
lelsp,JML03/29.12.1,31.08,JML03,29/12/2003,light trap,
lelsp,23/12/01j25,34.8675,sunb,23/12/2001,light trap,
lelsp,24/11/00j11,25.20375,top,24/11/2000,light trap,
lelsp,24/11/00j23,25.48125,middle,24/11/2000,light trap,
lelsp,24/11/00j24,58.245,top,24/11/2000,light trap,
lelsp,24/11/00j27,51.35625,top,24/11/2000,light trap,
lelsp,24/11/00j9,50.11875,top,24/11/2000,light trap,
lelsp,28/11/01j16,15.753,sunb,28/11/2001,light trap,
lelsp,29/11/00j22,33.0825,jeff,29/11/2000,light trap,
luccun,JML03/17.12.11,40.61,JML03,17/12/2003,light trap,
luccun,JML03/18.12.2,62.47,JML03,18/12/2003,light trap,max
luccun,JML03/20.12.4,62.47,JML03,20/12/2003,light trap,max
luccun,JML03/21.12.2,62.47,JML03,21/12/2003,light trap,max
luccun,JML03/21.12.4,34.23,JML03,21/12/2003,light trap,
luccun,JML03/22.12.6,48.16,JML03,22/12/2003,light trap,
luccun,JML03/22.12.8,62.47,JML03,22/12/2003,light trap,max
luHunknown,05LARV0127,37.51666667,cn1,6/07/2005,crest net,
lulana,tci03nov19a,41.7375,hdl,19/11/2003,light trap,
lulana,tci03oct25d,39.76875,grotto,25/10/2003,light trap,
lulana,tci03oct25e,41.2875,grotto,25/10/2003,light trap,
lulana,tci03oct25f,37.85625,grotto,25/10/2003,light trap,
lulapo,05LARV0080,30.06,cn3,5/07/2005,crest net,
lulapo,05LARV0081,37.57222222,cn3,5/07/2005,crest net,
lulapo,05LARV0123,30.05555556,cn1,6/07/2005,crest net,
lulapo,05LARV0124,30.04777778,cn1,6/07/2005,crest net,
lulapo,05LARV0141,30.11888889,cn1,7/07/2005,crest net,
lulapo,05LARV0155,37.59222222,cn1,7/07/2005,crest net,
lulapo,05LARV0269,31.53518519,cn1,13/07/2005,crest net,b
lulapo,05LARV0288,33.0537037,cn2,,crest net,
lulapo,05LARV0305,37.53777778,cn4,,channel net,
lulapo,05LARV0306,30.10111111,cn4,,channel net,
lulapo,05LARV0307,30.10555556,cn4,,channel net,
lulapo,05LARV0308,30.1,cn2,,crest net,
lulapo,05LARV0309,30.05,cn2,,crest net,
lulapo,05LARV0310,30.03,cn2,,crest net,
lulapo,05LARV0319,30.03333333,cn2,,crest net,
lulapo,tci03nov15d,40.3875,grotto,15/11/2003,light trap,
lulapo,tci03nov21m,43.79375,hdl,21/11/2003,light trap,
lulcar,19/12/01j42,58.862,sunb,19/12/2001,light trap,
lulcar,20/12/01j23,64.257,sunb,20/12/2001,light trap,
lulcar,20/12/01j37,42.4035,sunb,20/12/2001,light trap,
lulcar,23/12/01j38,35.1995,sunb,23/12/2001,light trap,
lulcar,23/12/01j4,42.5695,sunb,23/12/2001,light trap,
lulcar,23/12/01j42,51.077,sunb,23/12/2001,light trap,
lulcar,24/12/01j29,67.0375,sunb,24/12/2001,light trap,
lulcar,24/12/01j34,54.895,sunb,24/12/2001,light trap,
lulcya,tci03oct25k,45.28125,grotto,25/10/2003,light trap,
luLI19c,19/12/01j31,59.858,sunb,19/12/2001,light trap,
luLI19c,22/12/01j19,68.324,sunb,22/12/2001,light trap,
luLI19c,23/12/01j14,45.35,sunb,23/12/2001,light trap,
luLI19c,23/12/01j27,53.8575,sunb,23/12/2001,light trap,
luLI19c,24/12/01j10,45.6405,sunb,24/12/2001,light trap,
luLI19c,24/12/01j20,66,sunb,24/12/2001,light trap,
luLI19c,26/12/01j33,27.646,sunb,26/12/2001,light trap,
lulmah,05LARV0079,37.50533333,cn1,5/07/2005,crest net,
lulmah,05LARV0125,30.07666667,cn1,6/07/2005,crest net,
lulmah,05LARV0126,37.58,cn1,6/07/2005,crest net,
lulmah,05LARV0128,30.12555556,cn1,6/07/2005,crest net,
lulmah,05LARV0204,45.06,cn2,10/07/2005,crest net,a
lulmah,05LARV0206,37.6,cn3,10/07/2005,crest net,
lulmah,05LARV0320,27.21111111,cn2,,crest net,
luochr,05LARV0086,33.62592593,cn3,5/07/2005,crest net,
luochr,05LARV0121,30.07888889,cn2,6/07/2005,crest net,
luochr,05LARV0122,22.62444444,cn2,6/07/2005,crest net,b
luochr,05LARV0129,30.10222222,cn1,6/07/2005,crest net,
luochr,05LARV0268,31.5,cn1,13/07/2005,crest net,I
luochr,tci03nov23a,42.01875,hdl,23/11/2003,light trap,
luochr,tci03oct25j,42.58125,grotto,25/10/2003,light trap,
luochr,05LARV0060,30.03111111,ltCalab,3/07/2005,light trap,b
moHunkown,05LARV0162,,ltCalab,8/07/2005,light trap,did not swim
moJEFFpara,JML03/13.12.15,15.99,JML03,13/12/2003,light trap,
moJEFFpara,12/12/01j12,4.648,Liv,12/12/2001,light trap,
moJEFFpara,12/12/01j15,22.31,Liv,12/12/2001,light trap,
moJEFFpara,12/12/01j16,18.35,Liv,12/12/2001,light trap,
moJEFFpara,12/12/01j3,22.325,Liv,12/12/2001,light trap,
moJEFFpara,12/12/01j37,24.8,Liv,12/12/2001,light trap,
moJEFFpara,12/12/01j39,23.65,Liv,12/12/2001,light trap,
moJEFFpara,12/12/01j40,24.8,Liv,12/12/2001,light trap,
moJEFFpara,16/12/01j10,27.2335,liv,16/12/2001,light trap,
moJEFFpara,16/12/01j14,24.021,liv,16/12/2001,light trap,
moJEFFpara,16/12/01j3,22.007,liv,16/12/2001,light trap,
moJEFFpara,24/11/00j25,51.76875,top,24/11/2000,light trap,
moJEFFpara,26/11/00j25,79.37375,bottom,26/11/2000,light trap,
moLIb,12/12/01j29,25.53,Liv,12/12/2001,light trap,
moLIb,12/12/01j30,22.144,Liv,12/12/2001,light trap,
moLIb,16/11/01j16,24.8,liv,16/11/2001,light trap,
moLIb,16/11/01j19,18.1185,liv,16/11/2001,light trap,
moLIb,16/11/01j20,24.8,liv,16/11/2001,light trap,
moLIb,24/12/01j6,29.929,sunb,24/12/2001,light trap,
momcil,05LARV0063,12.36111111,ltCalab,3/07/2005,light trap,
momcil,05LARV0064,16.57777778,ltCalab,3/07/2005,light trap,
momcil,05LARV0018,12.33333333,cn2,26/06/2005,crest net,b
momtuc,05LARV0101,22.56111111,ltCalab,5/07/2005,light trap,
momtuc,05LARV0142,,cn1,7/07/2005,crest net,did not swim rpoperly
momtuc,05LARV0188,30.02222222,ltCalab,9/07/2005,light trap,a
momtuc,05LARV0042,13.52777778,ltCalab,2/07/2005,light trap,t
momtuc,05LARV0017,11.12777778,cn2,26/06/2005,crest net,
moolon,JML03/1.1.2,31.08,JML03,1/01/2004,light trap,
mosset,05LARV0099,30.07,ltCalab,5/07/2005,light trap,
mosset,tci03oct26f,31.3125,grotto,26/10/2003,light trap,caught oct25
mosset,05LARV0004,42.51688889,ltCalab,11/06/2005,light trap,
muLIa,20/12/00j2,47.025,mark,20/12/2000,light trap,
neLIb,23/12/01j16,39.875,sunb,23/12/2001,light trap,
neLIb,23/12/01j21,15.627,sunb,23/12/2001,light trap,
neLIb,23/12/01j39,22.88,sunb,23/12/2001,light trap,
neLIb,24/12/01j36,24.8,sunb,24/12/2001,light trap,
nesbil,6/12/01j40,42.064,sunb,6/12/2001,light trap,
nesbil,JML03/13.12.14,32.67,JML03,13/12/2003,light trap,
nesbil,JML03/14.12.1,30.68,JML03,14/12/2003,light trap,
nesbil,JML03/15.12.19,33.47,JML03,15/12/2003,light trap,
nesbil,JML03/17.12.10,31.08,JML03,17/12/2003,light trap,
nesbil,JML03/17.12.8,42.6,JML03,17/12/2003,light trap,
nesbil,JML03/24.12.14,36.65,JML03,24/12/2003,light trap,
nesbil,JML03/24.12.16,38.62,JML03,24/12/2003,light trap,
nesbil,JML03/24.12.18,42.6,JML03,24/12/2003,light trap,
nesbil,JML03/24.12.20,44.59,JML03,24/12/2003,light trap,
nesbil,15/12/01j22,29.088,liv,15/12/2001,light trap,
nesbil,15/12/01j39,31.064,liv,15/12/2001,light trap,
nesbil,15/12/01j42,26.865,liv,15/12/2001,light trap,
nesbil,18/11/01j40,27.1805,liv,18/11/2001,light trap,
nesbil,28/11/00j18,60.01875,jeff,28/11/2000,light trap,
NoLIa,22/11/01j7,33.332,top2,22/11/2001,light trap,
NoLIa,10/12/01j21,23.872,liv,10/12/2001,light trap,
NoLIa,16/11/01j15,34.2865,liv,16/11/2001,light trap,
NoLIa,24/11/01j24,5.8625,sunb,24/11/2001,light trap,
NoLIa,27/12/00j20,42.8925,mark,27/12/2000,light trap,
ogona,05LARV0043,0.427777778,ltCalab,2/07/2005,light trap,t
ogona,05LARV0058,0.3,ltCalab,3/07/2005,light trap,t
ogona,05LARV0059,0.166666667,ltCalab,3/07/2005,light trap,
oslbic,05LARV0244,16.87222222,cn2,12/07/2005,crest net,
oslbic,05LARV0245,16.58333333,cn2,12/07/2005,crest net,
oslbic,05LARV0247,18.01111111,cn1,12/07/2005,crest net,
oslbic,05LARV0266,13.71851852,cn2,13/07/2005,crest net,I
oslbic,05LARV0267,18.03703704,cn3,13/07/2005,crest net,i
oslbic,05LARV0286,13.63888889,cn2,14/07/2005,crest net,
oslbic,05LARV0302,13.51851852,cn1,,crest net,
oslbic,05LARV0303,9.044444444,cn1,,crest net,b
oslbic,05LARV0304,9.02962963,cn1,,crest net,
oslbic,05LARV0311,13.5,cn2,,crest net,
oslbic,05LARV0312,13.5,cn2,,crest net,
oslbic,05LARV0313,13.5,cn2,,crest net,b
osltri,05LARV0287,13.52592593,cn2,14/07/2005,crest net,
pahcil,05LARV0241,37.52222222,cn3,12/07/2005,crest net,a
pahcil,05LARV0281,21.07857143,cn3,14/07/2005,crest net,
papsex,JML03/1.1.1,27.51,JML03,1/01/2004,light trap,
papsex,20/12/01j25,24.551,sunb,20/12/2001,light trap,
papsex,20/12/01j41,21.1325,sunb,20/12/2001,light trap,
papsex,20/12/01j5,21.6625,sunb,20/12/2001,light trap,
papsex,23/12/01j19,24.533,sunb,23/12/2001,light trap,
papsex,23/12/01j31,26.903,sunb,23/12/2001,light trap,
papsex,26/12/01j40,5.6,sunb,26/12/2001,light trap,
peabre,JML03/24.12.13,25.12,JML03,24/12/2003,light trap,
peabre,JML03/24.12.15,21.16,JML03,24/12/2003,light trap,
peabre,JML03/24.12.17,36.65,JML03,24/12/2003,light trap,
peabre,JML03/24.12.19,36.65,JML03,24/12/2003,light trap,
peabre,JML03/24.12.21,44.59,JML03,24/12/2003,light trap,
peabre,JML03/24.12.22,34.26,JML03,24/12/2003,light trap,
peacla,19/11/01j9,34.688,liv,19/11/2001,light trap,
peamel,ameljcuB1,12.438,reared,,rearing,
peamel,ameljcuB2,23.123,reared,,rearing,
peamel,ameljcuB3,29.916,reared,,rearing,
peaper,aperjcuB1,16.801,reared,,rearing,
peapol,21/12/01j15,14.9605,ac,21/12/2001,scuba,
peapol,21/12/01j16,18,ac,21/12/2001,scuba,
peapol,21/12/01j26,12.6375,ac,21/12/2001,scuba,
peapol,21/12/01j27,0.2415,ac,21/12/2001,scuba,
peapol,21/12/01j31,35.8325,ac,21/12/2001,scuba,
peapol,27/12/01j21,26.08,ac,27/12/2001,scuba,
peapol,27/12/01j40,1.495,ac,27/12/2001,scuba,
peapol,28/12/01j20,5.949,ac,28/12/2001,scuba,
peasax,05LARV0083,30.01777778,cn3,5/07/2005,crest net,
peasax,05LARV0227,31.59074074,cn1,11/07/2005,crest net,I
peasax,05LARV0322,27.12407407,cn3,,crest net,
peasax,05LARV0326,27.04074074,cn3,,crest net,b
peasax,05LARV0067,22.53333333,ltCalab,3/07/2005,light trap,
peavag,22/12/00j30,29.37,mark,22/12/2000,light trap,
peavag,22/12/01j21,45.9725,sunb,22/12/2001,light trap,
peavag,23/11/00j10,66.80625,top,23/11/2000,light trap,
peavag,23/11/00j24,71.53125,top,23/11/2000,light trap,
peavag,14/12/01j25,39.6945,top2,14/12/2001,light trap,
peavag,14/12/01j6,26.6505,sunb,14/12/2001,light trap,
peavag,16/11/01j14,35.3655,liv,16/11/2001,light trap,
peavag,17/11/01j41,29.2235,liv,17/11/2001,light trap,
peavag,18/12/01j33,63.9805,top2,18/12/2001,light trap,
peavag,18/12/01j36,72.975,sunb,18/12/2001,light trap,
peavag,27/11/01j5,28.19,sunb,27/11/2001,light trap,
pecatr,20/12/00j9,21.84,mark,20/12/2000,light trap,
pecatr,31/12/00j24,27.5625,mark,31/12/2000,light trap,
pecatr,9/12/00j25,34.3575,mark,9/12/2000,light trap,
pecatr,JML03/15.12.1,41.41,JML03,15/12/2003,light trap,
pecatr,JML03/15.12.10,42.6,JML03,15/12/2003,light trap,
pecatr,JML03/15.12.12,36.25,JML03,15/12/2003,light trap,
pecatr,JML03/15.12.4,40.21,JML03,15/12/2003,light trap,
pecatr,JML03/15.12.6,39.02,JML03,15/12/2003,light trap,
pecatr,JML03/15.12.8,35.85,JML03,15/12/2003,light trap,
pecatr,24/11/00j5,61.59125,top,24/11/2000,light trap,
pecatr,28/11/00j11,22.95,jeff,28/11/2000,light trap,
pecatr,28/11/00j27,23.78125,jeff,28/11/2000,light trap,
pecrol,21/11/00j12,24.9875,top,21/11/2000,light trap,
pecrol,21/11/00j14,23.1875,top,21/11/2000,light trap,
pecrol,21/11/00j16,16.925,top,21/11/2000,light trap,
pecrol,21/12/00j23,21.4725,mark,21/12/2000,light trap,
pecrol,JML03/11.12.3,21.15,JML03,12/11/2003,light trap,
pecrol,JML03/11.12.4,27.5,JML03,12/11/2003,light trap,
pecrol,JML03/11.12.5,27.5,JML03,12/11/2003,light trap,
pecrol,JML03/11.12.6,25.91,JML03,12/11/2003,light trap,
pecrol,JML03/11.12.7,23.53,JML03,12/11/2003,light trap,
pecrol,JML03/11.12.8,22.73,JML03,12/11/2003,light trap,
pecrol,JML03/11.12.9,24.72,JML03,12/11/2003,light trap,
pecrol,26/11/00j15,44.38125,top,26/11/2000,light trap,
pecrol,28/11/00j22,20.8875,jeff,28/11/2000,light trap,
pecrol,JML03/11.12.1,25.12,JML03,12/11/2003,light trap,
pecrol,JML03/11.12.11,27.9,JML03,12/11/2003,light trap,
pecrol,JML03/11.12.12,25.12,JML03,12/11/2003,light trap,
pecrol,JML03/11.12.2,28.7,JML03,12/11/2003,light trap,
pedaru,20/12/01j10,21.8215,sunb,20/12/2001,light trap,
pedaru,6/12/01j10,26.73,sunb,6/12/2001,light trap,
pedaru,6/12/01j29,23.915,sunb,6/12/2001,light trap,
pedaru,6/12/01j41,23.65,sunb,6/12/2001,light trap,
pedaru,15/12/01j10,27.093,liv,15/12/2001,light trap,
pedaru,15/12/01j3,24.4,liv,15/12/2001,light trap,
pedaru,15/12/01j30,21.189,liv,15/12/2001,light trap,
pedaru,16/12/01j30,24.498,sunb,16/12/2001,light trap,
pedaru,17/12/01j28,19.7365,liv,17/12/2001,light trap,
pedaru,18/12/01j22,27.1275,sunb,18/12/2001,light trap,
pedpro,JML03/14.12.18,25.52,JML03,14/12/2003,light trap,
pedpro,JML03/14.12.20,13.2,JML03,14/12/2003,light trap,
pedpro,JML03/15.12.11,11.62,JML03,15/12/2003,light trap,
pedpro,JML03/15.12.2,25.12,JML03,15/12/2003,light trap,
pedpro,JML03/15.12.21,42.2,JML03,15/12/2003,light trap,
pedpro,JML03/15.12.25,33.47,JML03,15/12/2003,light trap,
pedpro,JML03/15.12.3,28.7,JML03,15/12/2003,light trap,
pedpro,JML03/15.12.5,34.66,JML03,15/12/2003,light trap,
pedpro,JML03/15.12.7,42.6,JML03,15/12/2003,light trap,
pedpro,JML03/15.12.9,23.93,JML03,15/12/2003,light trap,
pedpro,26/12/00j5,27.58875,mark,26/12/2000,light trap,
pedpro,27/12/00j17,33.0225,mark,27/12/2000,light trap,
pedret,12/11/01j21,33.8,bott1,12/11/2001,light trap,
pedret,14/11/01j7,30.988,liv,14/11/2001,light trap,
peLIee,21/11/00j10,19.5,top,21/11/2000,light trap,
peLIee,4/12/01j22,22.785,sunb,4/12/2001,light trap,
peLIee,6/12/01j12,26.6505,sunb,6/12/2001,light trap,
peLIee,28/11/00j24,18.975,jeff,28/11/2000,light trap,
peLIee,28/11/00j26,17.53125,jeff,28/11/2000,light trap,
peLIn,20/11/01j15,58.6545,mid1,20/11/2001,light trap,
peLIn,21/11/00j18,25.9375,top,21/11/2000,light trap,
peLIn,22/11/00j7,28.2675,top,22/11/2000,light trap,
peLIn,24/11/01j40,34.9505,sunb,24/11/2001,light trap,
peLIn,26/11/00j14,44.17875,top,26/11/2000,light trap,
peLIn,26/11/00j7,54.03375,top,26/11/2000,light trap,
peLIz,16/11/01j18,26.2,top2,16/11/2001,light trap,
peLIz,16/11/01j31,27.26,top2,16/11/2001,light trap,
peLIz,17/11/01j27,16.5215,top1,17/11/2001,light trap,
peLIz,17/11/01j29,21.901,top1,17/11/2001,light trap,
peLIz,17/11/01j32,22.4575,top1,17/11/2001,light trap,
peLIz,17/11/01j38,20.809,top1,17/11/2001,light trap,
peLIz,18/11/01j11,19.675,top1,18/11/2001,light trap,
pemchr,05LARV0157,31.61851852,ltCalab,8/07/2005,light trap,
penazy,JML03/12.12.19,37.84,JML03,12/12/2003,light trap,
penazy,JML03/12.12.20,39.02,JML03,12/12/2003,light trap,
penazy,JML03/12.12.21,36.65,JML03,12/12/2003,light trap,
penazy,JML03/12.12.22,36.65,JML03,12/12/2003,light trap,
penazy,JML03/12.12.24,31.88,JML03,12/12/2003,light trap,
penazy,JML03/13.12.1,31.88,JML03,13/12/2003,light trap,
penazy,JML03/13.12.2,37.84,JML03,13/12/2003,light trap,
penazy,JML03/13.12.3,35.46,JML03,13/12/2003,light trap,
penazy,JML03/13.12.4,33.47,JML03,13/12/2003,light trap,
penazy,JML03/13.12.5,34.66,JML03,13/12/2003,light trap,
penazy,JML03/13.12.6,33.47,JML03,13/12/2003,light trap,
pencya,21/11/01j26,34.15,mid1,21/11/2001,light trap,
pencya,6/12/01j37,43.9,sunb,6/12/2001,light trap,
pencya,JML03/12.12.23,31.88,JML03,12/12/2003,light trap,
pencya,JML03/13.12.12,34.25,JML03,13/12/2003,light trap,
pencya,JML03/14.12.14,38.24,JML03,14/12/2003,light trap,
pencya,JML03/14.12.2,33.87,JML03,14/12/2003,light trap,
pencya,JML03/14.12.4,38.24,JML03,14/12/2003,light trap,
pencya,JML03/14.12.6,30.68,JML03,14/12/2003,light trap,
pencya,JML03/14.12.7,33.87,JML03,14/12/2003,light trap,
pencya,JML03/14.12.8,33.87,JML03,14/12/2003,light trap,
pencya,JML03/17.12.16,44.19,JML03,17/12/2003,light trap,
pencya,JML03/17.12.19,44.19,JML03,17/12/2003,light trap,
pencya,JML03/17.12.21,45.38,JML03,17/12/2003,light trap,
pencya,11/12/01j46,45.77,top1,11/12/2001,light trap,
pencya,18/11/01j35,35.422,top1,18/11/2001,light trap,
pennig,JML03/19.12.13,38.24,JML03,19/12/2003,light trap,
pepamb,1/01/01j8,24.6375,mark,1/01/2001,light trap,
pepamb,20/12/00j5,26.48625,mark,20/12/2000,light trap,
pepamb,JML03/12.12.10,39.82,JML03,12/12/2003,light trap,
pepamb,JML03/12.12.11,27.5,JML03,12/12/2003,light trap,
pepamb,JML03/12.12.12,21.95,JML03,12/12/2003,light trap,
pepamb,JML03/12.12.7,31.88,JML03,12/12/2003,light trap,
pepamb,JML03/12.12.8,30.68,JML03,12/12/2003,light trap,
pepamb,JML03/12.12.9,30.68,JML03,12/12/2003,light trap,
pepamb,24/11/00j18,68.61375,middle,24/11/2000,light trap,
pepamb,24/11/00j7,34.695,middle,24/11/2000,light trap,
pepamb,26/11/00j20,54.54,middle,26/11/2000,light trap,
pepbrach,20/11/01j24,33.9545,mid1,20/11/2001,light trap,
pepbrach,21/11/01j20,34.2825,mid1,21/11/2001,light trap,
pepbrach,21/11/01j9,34.733,mid1,21/11/2001,light trap,
pepbrach,JML03/15.12.27,37.44,JML03,15/12/2003,light trap,
pepbrach,JML03/15.12.29,33.47,JML03,15/12/2003,light trap,
pepbrach,JML03/17.12.17,37.44,JML03,17/12/2003,light trap,
pepbrach,JML03/17.12.22,44.19,JML03,17/12/2003,light trap,
pepbrach,JML03/17.12.24,45.38,JML03,17/12/2003,light trap,
pepbrach,17/12/01j21,39.4825,top1,17/12/2001,light trap,
pepchr,23/12/00j7,27,mark,23/12/2000,light trap,
pepchr,4/01/01j27,54.675,mark,4/01/2001,light trap,
pepchr,14/11/01j9,19.498,liv,14/11/2001,light trap,
pepcoe,JML03/14.12.10,35.45,JML03,14/12/2003,light trap,
pepcoe,JML03/14.12.12,42.2,JML03,14/12/2003,light trap,
pepcoe,JML03/15.12.23,37.44,JML03,15/12/2003,light trap,
pepcoe,JML03/17.12.12,42.6,JML03,17/12/2003,light trap,
pepcoe,JML03/17.12.5,43.39,JML03,17/12/2003,light trap,
pepcoe,JML03/20.12.2,62.47,JML03,20/12/2003,light trap,max
peplep,20/11/01j42,41.3675,top1,20/11/2001,light trap,
peplep,21/11/00j3,26.32875,top,21/11/2000,light trap,
peplep,21/11/01j15,35.316,mid1,21/11/2001,light trap,
peplep,22/11/01j40,50.081,top1,22/11/2001,light trap,
peplep,31/12/00j7,37.14375,mark,31/12/2000,light trap,
peplep,JML03/13.12.10,34.26,JML03,13/12/2003,light trap,
peplep,JML03/13.12.11,35.85,JML03,13/12/2003,light trap,
peplep,JML03/13.12.13,39.82,JML03,13/12/2003,light trap,
peplep,JML03/14.12.16,45.38,JML03,14/12/2003,light trap,
peplep,JML03/14.12.19,34.66,JML03,14/12/2003,light trap,
peplep,JML03/17.12.23,44.19,JML03,17/12/2003,light trap,
peplep,18/11/01j42,32.5865,top1,18/11/2001,light trap,
peplep,24/11/00j3,87.98625,middle,24/11/2000,light trap,
peplep,26/11/00j28,44.8875,top,26/11/2000,light trap,
peplep,26/11/00j6,62.505,top,26/11/2000,light trap,
peplep,JML03/11.12.13,29.09,JML03,12/11/2003,light trap,
peplep,JML03/11.12.15,32.27,JML03,12/11/2003,light trap,
peplep,JML03/11.12.17,35.45,JML03,12/11/2003,light trap,
pepmol,21/12/00j16,27.675,mark,21/12/2000,light trap,
pepmol,21/12/00j19,26.88,mark,21/12/2000,light trap,
pepmol,21/12/00j25,21.2625,mark,21/12/2000,light trap,
pepmol,21/12/00j9,27.50625,mark,21/12/2000,light trap,
pepmol,22/12/00j24,18.10875,mark,22/12/2000,light trap,
pepmol,JML03/16.12.10,41.41,JML03,16/12/2003,light trap,
pepmol,JML03/16.12.12,22.73,JML03,16/12/2003,light trap,
pepmol,JML03/16.12.4,21.95,JML03,16/12/2003,light trap,
pepmol,JML03/16.12.6,40.22,JML03,16/12/2003,light trap,
pepmol,JML03/16.12.8,44.19,JML03,16/12/2003,light trap,
pepmol,14/12/01j20,48.101,top1,14/12/2001,light trap,
pepmol,14/12/01j26,47.995,top1,14/12/2001,light trap,
pepmol,26/11/00j17,59.0625,top,26/11/2000,light trap,
pepmol,26/11/00j18,50.6925,top,26/11/2000,light trap,
pepnag,21/11/00j19,32.99625,top,21/11/2000,light trap,
pepnag,21/11/00j20,31.5525,top,21/11/2000,light trap,
pepnag,21/11/00j21,59.375,top,21/11/2000,light trap,
pepnag,22/11/00j9,69.125,top,22/11/2000,light trap,
pepnag,JML03/14.12.11,42.2,JML03,14/12/2003,light trap,
pepnag,JML03/14.12.13,38.62,JML03,14/12/2003,light trap,
pepnag,JML03/14.12.15,38.24,JML03,14/12/2003,light trap,
pepnag,JML03/14.12.17,25.52,JML03,14/12/2003,light trap,
pepnag,JML03/14.12.9,31.08,JML03,14/12/2003,light trap,
pepnag,24/11/00j12,83.61375,bottom,24/11/2000,light trap,
pepnag,24/11/00j21,71.48625,bottom,24/11/2000,light trap,
pepnag,24/11/00j22,70.125,bottom,24/11/2000,light trap,
pepnag,29/11/00j23,43.60125,jeff,29/11/2000,light trap,
pepnag,29/11/00j24,50.20125,jeff,29/11/2000,light trap,
pepobt,19/12/01j30,79.927,sunb,19/12/2001,light trap,
pepobt,19/12/01j6,45.8065,sunb,19/12/2001,light trap,
pepobt,JML03/19.12.11,55.31,JML03,19/12/2003,light trap,
pepobt,JML03/30.12.10,48.56,JML03,30/12/2003,light trap,
pepobt,JML03/30.12.12,42.6,JML03,30/12/2003,light trap,
pepobt,JML03/30.12.18,62.47,JML03,30/12/2003,light trap,max
pepobt,JML03/30.12.2,43.39,JML03,30/12/2003,light trap,
pepobt,JML03/30.12.20,46.97,JML03,30/12/2003,light trap,
pepobt,JML03/30.12.22,46.18,JML03,30/12/2003,light trap,
pepobt,JML03/30.12.4,41.8,JML03,30/12/2003,light trap,
pepobt,24/11/00j36,88.0275,middle,24/11/2000,light trap,
pepobt,24/12/01j12,51.658,bott2,24/12/2001,light trap,
pepobt,26/11/00j4,44.28,top,26/11/2000,light trap,
pepobt,29/11/00j25,58.4925,jeff,29/11/2000,light trap,
pepobt,29/11/00j26,58.86375,jeff,29/11/2000,light trap,
pepobt,29/11/00j30,63.73125,jeff,29/11/2000,light trap,
pepwar,JML03/16.12.1,43.4,JML03,16/12/2003,light trap,
pepwar,JML03/16.12.11,42.6,JML03,16/12/2003,light trap,
pepwar,JML03/16.12.3,52.54,JML03,16/12/2003,light trap,
pepwar,JML03/16.12.5,45.38,JML03,16/12/2003,light trap,
pepwar,JML03/16.12.7,45.78,JML03,16/12/2003,light trap,
pepwar,JML03/16.12.9,46.97,JML03,16/12/2003,light trap,
pepwar,JML03/17.12.20,62.47,JML03,17/12/2003,light trap,max
pepwar,JML03/17.12.25,62.47,JML03,17/12/2003,light trap,max
pesdie,05LARV0073,27.09074074,ltCalab,4/07/2005,light trap,
pesdie,05LARV0074,31.52592593,ltCalab,4/07/2005,light trap,b
pesdie,05LARV0102,22.62962963,ltCalab,5/07/2005,light trap,b
pesdie,05LARV0103,27.10925926,ltCalab,5/07/2005,light trap,b
pesdie,05LARV0104,31.51851852,ltCalab,5/07/2005,light trap,
pesdie,05LARV0131,31.58333333,ltCalab,6/07/2005,light trap,
pesdie,05LARV0132,31.53148148,ltCalab,6/07/2005,light trap,
pesdie,05LARV0133,31.77777778,ltCalab,6/07/2005,light trap,
pesdie,05LARV0191,31.54074074,ltCalab,9/07/2005,light trap,
pesdie,05LARV0192,31.52407407,ltCalab,9/07/2005,light trap,
pesdie,05LARV0193,36.02037037,ltCalab,9/07/2005,light trap,
pesdie,05LARV0194,31.67037037,ltCalab,9/07/2005,light trap,
pesdie,05LARV0213,31.54814815,ltCalab,10/07/2005,light trap,
pesdie,05LARV0214,31.63518519,ltCalab,10/07/2005,light trap,
pesdie,05LARV0215,31.52592593,ltCalab,10/07/2005,light trap,
pesdie,tci03nov15b,47.25,grotto,15/11/2003,light trap,
pesdie,tci03nov22o,32.9875,hdl,22/11/2003,light trap,
pesdie,tci03oct25o,38.03125,grotto,25/10/2003,light trap,
pesdie,tci03oct25p,36.15625,grotto,25/10/2003,light trap,
pesdie,tci03oct25u,38.40625,grotto,25/10/2003,light trap,
pesdie,tci03oct25w,39.40625,grotto,25/10/2003,light trap,
pesdie,05LARV0032,22.62037037,ltCalab,2/07/2005,light trap,t
pesdie,05LARV0033,27.04444444,ltCalab,2/07/2005,light trap,b
pesdie,05LARV0034,31.50185185,ltCalab,2/07/2005,light trap,b
pesdie,05LARV0049,27.16111111,ltCalab,2/07/2005,light trap,b
pesdie,05LARV0050,27.03518519,ltCalab,2/07/2005,light trap,
pesdie,05LARV0051,27.17407407,ltCalab,2/07/2005,light trap,
pesdie,05LARV0068,30.01,ltCalab,3/07/2005,light trap,b
pesdie,05LARV0016,22.55685185,cn2,26/06/2005,crest net,
pesdie,05LARV0019,30.08055556,cn2,26/06/2005,crest net,t
pesdor,05LARV0321,31.52407407,cn1,,crest net,
pesleu,05LARV0158,31.5462963,ltCalab,8/07/2005,light trap,b
pesleu,05LARV0159,31.52777778,ltCalab,8/07/2005,light trap,
pesleu,tci03nov21o,37.5375,hdl,21/11/2003,light trap,
pesleu,tci03oct27a,43.575,grotto,27/10/2003,light trap,
pesleu,tci03oct30a,32.85625,grotto,30/10/2003,light trap,
pesleu,tci03oct30b,54.73125,grotto,30/10/2003,light trap,
pesleu,tci03oct30d,16.66875,grotto,30/10/2003,light trap,
pesleu,tci03oct30e,43.925,grotto,30/10/2003,light trap,
pesleu,tci03oct30f,38.7625,grotto,30/10/2003,light trap,
pesleu,tci03oct30g,32.59375,grotto,30/10/2003,light trap,
pespar,05LARV0115,31.55925926,ltCalab,6/07/2005,light trap,
pespar,05LARV0116,31.56851852,ltCalab,6/07/2005,light trap,
pespar,05LARV0137,27.02777778,ltCalab,7/07/2005,light trap,b
pespar,05LARV0138,27,ltCalab,7/07/2005,light trap,b
pespar,05LARV0139,31.60185185,ltCalab,7/07/2005,light trap,b
pespar,05LARV0164,36.13518519,ltCalab,8/07/2005,light trap,
pespar,05LARV0165,36.07962963,ltCalab,8/07/2005,light trap,
pespar,05LARV0166,36.02592593,ltCalab,8/07/2005,light trap,
pespar,05LARV0167,31.65185185,ltCalab,8/07/2005,light trap,
pespar,05LARV0168,31.61666667,ltCalab,8/07/2005,light trap,
pespar,05LARV0169,31.53703704,ltCalab,8/07/2005,light trap,
pespar,05LARV0170,30.07222222,ltCalab,8/07/2005,light trap,
pespar,05LARV0171,30.02888889,ltCalab,8/07/2005,light trap,
pespar,05LARV0172,30.04555556,ltCalab,8/07/2005,light trap,
pespar,05LARV0173,31.51851852,ltCalab,8/07/2005,light trap,
pespar,05LARV0174,31.56111111,ltCalab,8/07/2005,light trap,
pespar,05LARV0175,31.52592593,ltCalab,8/07/2005,light trap,
pespar,05LARV0176,31.68518519,ltCalab,8/07/2005,light trap,
pespar,05LARV0177,31.69814815,ltCalab,8/07/2005,light trap,
pespar,05LARV0178,36.00925926,ltCalab,8/07/2005,light trap,
pespar,05LARV0179,33.00740741,ltCalab,8/07/2005,light trap,b
pespar,05LARV0180,40.5,ltCalab,8/07/2005,light trap,
pespar,05LARV0181,33.03888889,ltCalab,8/07/2005,light trap,
pespar,05LARV0182,31.91666667,ltCalab,8/07/2005,light trap,
pespar,05LARV0183,36.06851852,ltCalab,8/07/2005,light trap,
pespar,05LARV0184,31.52592593,ltCalab,8/07/2005,light trap,
pespar,05LARV0185,36.17037037,ltCalab,8/07/2005,light trap,
pespar,05LARV0186,36.1037037,ltCalab,8/07/2005,light trap,
pespar,05LARV0187,36.22222222,ltCalab,8/07/2005,light trap,
pespar,05LARV0236,31.52592593,ltCalab,11/07/2005,light trap,
pespar,05LARV0237,36.08333333,ltCalab,11/07/2005,light trap,
pespar,tci03nov15c,34.48125,grotto,15/11/2003,light trap,
pespar,tci03nov21n,42.30625,hdl,21/11/2003,light trap,
pespar,tci03oct25l,42.3125,grotto,25/10/2003,light trap,
pespar,tci03oct25m,42.25,grotto,25/10/2003,light trap,
pespar,tci03oct25n,42.1875,grotto,25/10/2003,light trap,
pespar,tci03oct25r,49.34375,grotto,25/10/2003,light trap,
pespar,tci03oct25s,37.5,grotto,25/10/2003,light trap,
pespar,tci03oct25t,39.8125,grotto,25/10/2003,light trap,
pespar,tci03oct26a,37.21875,grotto,26/10/2003,light trap,
pespar,tci03oct26b,63.3125,grotto,26/10/2003,light trap,
pespar,tci03oct26c,41.96875,grotto,26/10/2003,light trap,
pespar,tci03oct30c,38.0625,grotto,30/10/2003,light trap,
pespar,05LARV0023,31.55,cn2,26/06/2005,crest net,
pespar,05LARV0024,27.12037037,cn2,26/06/2005,crest net,
pespar,05LARV0025,31.56851852,cn2,26/06/2005,crest net,
pespar,05LARV0002,45.26601093,ltCalab,9/06/2005,light trap,
pespla,tci03oct25q,39.03125,grotto,25/10/2003,light trap,
pespla,tci03oct25v,35.65625,grotto,25/10/2003,light trap,
pespla,tci03oct26d,50.84375,grotto,26/10/2003,light trap,caught oct25
pespla,tci03oct26e,35.1875,grotto,26/10/2003,light trap,caught oct25
psLIa,16/12/01j27,26.3,sunb,16/12/2001,light trap,
psLIa,16/12/01j34,31.5,sunb,16/12/2001,light trap,
psLIb,17/12/01j16,24.5245,sunb,17/12/2001,light trap,
psLIb,17/12/01j18,21.3,sunb,17/12/2001,light trap,
psLIb,17/12/01j24,36.8,liv,17/12/2001,light trap,
psLIb,17/12/01j25,42,liv,17/12/2001,light trap,
psLIb,17/12/01j4,21.636,liv,17/12/2001,light trap,
psLIb,17/12/01j42,31.5,top1,17/12/2001,light trap,
psLIb,17/12/01j5,31.6325,liv,17/12/2001,light trap,
psLIc,16/12/01j29,26.3,liv,16/12/2001,light trap,
psLIc,16/12/01j9,21,sunb,16/12/2001,light trap,
psLIc,17/12/01j32,26.3,liv,17/12/2001,light trap,
psLIc,17/12/01j38,31.5,top2,17/12/2001,light trap,
psLIc,28/11/00j21,8.1675,jeff,28/11/2000,light trap,
scscar,05LARV0094,,cn3,5/07/2005,crest net,
seemys,05LARV0226,9.096296296,cn1,11/07/2005,crest net,
seemys,05LARV0294,13.57777778,cn3,,crest net,
seemys,05LARV0295,13.5962963,cn3,,crest net,
seemys,05LARV0014,18.21481481,cn2,26/06/2005,crest net,g
seemys,05LARV0015,9.044444444,cn2,26/06/2005,crest net,no tail
sepleo,JML03/14.12.5,43.39,JML03,14/12/2003,light trap,
sepleo,JML03/17.12.2,41.81,JML03,17/12/2003,light trap,
sepleo,JML03/17.12.4,34.65,JML03,17/12/2003,light trap,
sepleo,JML03/17.12.6,40.22,JML03,17/12/2003,light trap,
sepleo,JML03/19.12.1,21.16,JML03,19/12/2003,light trap,
sepleo,JML03/19.12.10,13.21,JML03,19/12/2003,light trap,
sepleo,JML03/19.12.12,39.82,JML03,19/12/2003,light trap,
sepleo,JML03/19.12.14,13.21,JML03,19/12/2003,light trap,
sepleo,JML03/19.12.4,43.4,JML03,19/12/2003,light trap,
sepleo,JML03/19.12.7,32.28,JML03,19/12/2003,light trap,
sepleo,10/12/01j28,27.264,liv,10/12/2001,light trap,
siLI6,16/12/01j15,45.8065,liv,16/12/2001,light trap,
siLI6,17/12/01j19,87.065,sunb,17/12/2001,light trap,
siLI6,17/12/01j3,75.4865,liv,17/12/2001,light trap,
siLI6,24/11/00j15,76.3125,middle,24/11/2000,light trap,
siLI6,24/11/00j17,34.2375,middle,24/11/2000,light trap,
siLI6,24/11/00j29,83.44875,top,24/11/2000,light trap,
spJEFFb,6/12/01j31,21.4505,sunb,6/12/2001,light trap,
spJEFFb,JML03/19.12.15,38.24,JML03,19/12/2003,light trap,
sprat,21/12/00j15,15.3225,mark,21/12/2000,light trap,
sprat,22/12/00j40,10.68375,mark,22/12/2000,light trap,
sprat,23/11/01j3,28.933,sunb,23/11/2001,light trap,
sprat,23/11/01j35,25.4055,sunb,23/11/2001,light trap,
sprat,6/12/01j39,4.658,sunb,6/12/2001,light trap,
sprat,9/12/00j30,13.1625,mark,9/12/2000,light trap,
sprat,JML03/12.12.1,11.62,JML03,12/12/2003,light trap,
sprat,JML03/12.12.2,7.19,JML03,12/12/2003,light trap,
sprat,JML03/12.12.3,25.92,JML03,12/12/2003,light trap,
sprat,JML03/12.12.4,5.99,JML03,12/12/2003,light trap,
sprat,JML03/12.12.5,7.1,JML03,12/12/2003,light trap,
sprat,JML03/12.12.6,7.1,JML03,12/12/2003,light trap,
sprat,26/12/00j23,10.5,bottom,26/12/2000,light trap,
sprat,JML03/11.12.14,8.43,JML03,12/11/2003,light trap,
sprat,JML03/11.12.16,12.81,JML03,12/11/2003,light trap,
sprat,JML03/11.12.18,8.03,JML03,12/11/2003,light trap,
spsbar,05LARV0100,15.1,ltCalab,5/07/2005,light trap,
spsbar,05LARV0147,13.6462963,cn2,7/07/2005,crest net,
spsbar,05LARV0148,18,cn2,7/07/2005,crest net,
spsbar,05LARV0249,18.13148148,cn1,12/07/2005,crest net,I
spsbar,05LARV0301,18.13518519,cn3,,crest net,
spsbar,05LARV0035,15.04555556,ltCalab,2/07/2005,light trap,b
spsbar,05LARV0052,18.21296296,ltCalab,2/07/2005,light trap,
spsbar,05LARV0053,18.22222222,ltCalab,2/07/2005,light trap,
spsbar,05LARV0069,22.56111111,ltCalab,3/07/2005,light trap,b
spsbar,05LARV0070,22.51851852,ltCalab,3/07/2005,light trap,
spsbar,05LARV0071,22.64074074,ltCalab,3/07/2005,light trap,
sycel,05LARV0250,0.166666667,cn1,12/07/2005,crest net,
sycel,05LARV0251,6.211111111,cn1,12/07/2005,crest net,
sycel,05LARV0252,0.344444444,cn1,12/07/2005,crest net,
syHunkown,05LARV0292,7.5,cn1,,crest net,
syHunkown,05LARV0327,4.577777778,cn1,,crest net,b
syHunkown,05LARV0328,4.833333333,cn1,,crest net,t
syHunkown,05LARV0329,4.594444444,cn3,,crest net,t
tecben,1/01/01j9,28.0125,mark,1/01/2001,light trap,
tecben,11/12/01j38,41.758,liv,11/12/2001,light trap,
tecben,14/11/01j5,28.933,liv,14/11/2001,light trap,
tecben,16/12/00j27,1.52625,mark,16/12/2000,light trap,
tecben,24/11/00j30,68.32,top,24/11/2000,light trap,
tecben,29/11/00j29,39.105,jeff,29/11/2000,light trap,
tecros,05LARV0090,13.7037037,cn3,5/07/2005,crest net,
tecros,05LARV0091,,cn3,5/07/2005,crest net,
tecros,05LARV0289,18.13888889,cn2,,crest net,
tecros,05LARV0290,25.55,cn2,,crest net,
tecros,05LARV0300,22.62037037,cn3,,crest net,
teHunknown,05LARV0163,11.11111111,ltCalab,8/07/2005,light trap,
teHunknown,05LARV0246,27.55555556,cn2,12/07/2005,crest net,b
teHunknown,05LARV0314,13.50740741,cn2,,crest net,
teHunknown,05LARV0315,18.05555556,cn2,,crest net,
teHunknown,05LARV0316,18.0462963,cn2,,crest net,t
testes,05LARV0092,22.53148148,cn3,5/07/2005,crest net,
testes,05LARV0118,18.17777778,cn2,6/07/2005,crest net,
testes,05LARV0119,18.20740741,cn3,6/07/2005,crest net,
testes,05LARV0120,22.62407407,cn3,6/07/2005,crest net,
trLIa,26/12/00j11,72.47625,mark,26/12/2000,light trap,
trLIa,26/12/00j12,61.91625,mark,26/12/2000,light trap,
trLIa,26/12/00j15,66.2475,mark,26/12/2000,light trap,
trLIa,26/12/00j28,32.4975,mark,26/12/2000,light trap,
trLIa,26/12/00j6,47.31375,mark,26/12/2000,light trap,
trLIa,26/12/00j8,25.8225,top,26/12/2000,light trap,
